GRUPO EN NIIF,SUPERVISOR_SUPERFINANCIERA,SUPERVISOR_SUPERSALUD,SUPERVISOR_SUPERSERVICIOS,SUPERVISOR_SUPERSOCIEDADES,SUPERVISOR_SUPERVIGILANCIA,REGION_Antioquia,REGION_Bogotá - Cundinamarca,REGION_Costa Atlantica,REGION_Costa Pacífica,REGION_Otros,MACROSECTOR_AGROPECUARIO,MACROSECTOR_COMERCIO,MACROSECTOR_CONSTRUCCION,MACROSECTOR_MANUFACTURA,MACROSECTOR_MINERO-HIDROCARBUROS,MACROSECTOR_SERVICIOS,VARIACION ACTIVOS,GANANCIA (PERDIDA) PROMEDIO,kmean,cluster
1,0,0,0,1,0,0,1,0,0,0,0,0,0,1,0,0,0.0283045991726783,-73127240.0,0,3
1,0,0,0,1,0,0,0,1,0,0,0,1,0,0,0,0,0.1823798386721764,22943605.0,0,3
1,0,0,0,1,0,0,0,0,1,0,0,0,1,0,0,0,0.1587048688944556,-10710710.0,0,3
2,0,1,0,0,0,0,0,1,0,0,0,0,0,0,0,1,0.0102231114156737,-15000000000.0,2,2
2,0,0,0,1,0,0,0,0,0,1,0,0,0,1,0,0,-0.0070615147064202,18543365.0,0,3
1,0,0,0,1,0,0,1,0,0,0,0,1,0,0,0,0,0.2762915732058493,140556095.0,0,3
1,0,0,0,1,0,0,1,0,0,0,0,0,0,1,0,0,0.0036681328522285,-44622575.0,0,3
1,0,0,0,1,0,0,1,0,0,0,0,1,0,0,0,0,0.3815475374894996,39711700.0,0,3
2,0,0,0,1,0,0,1,0,0,0,0,0,0,1,0,0,0.0451389271235888,21662220.0,0,3
1,0,0,0,1,0,0,1,0,0,0,0,0,0,1,0,0,0.2765323922583741,262894905.0,0,3
1,0,0,0,1,0,0,1,0,0,0,0,0,1,0,0,0,0.0756377112741429,431901975.0,0,3
1,0,0,0,1,0,1,0,0,0,0,0,0,0,1,0,0,-0.1521108701069176,160672220.0,0,3
2,0,0,0,1,0,0,0,0,1,0,0,1,0,0,0,0,0.2186932907071666,8633925.0,0,3
1,0,0,0,1,0,0,1,0,0,0,0,0,0,0,1,0,0.1640398404631779,169589985.0,0,3
1,0,0,0,1,0,0,1,0,0,0,0,0,0,0,0,1,-0.0170577307461318,3236135.0,0,3
1,0,0,0,1,0,0,1,0,0,0,0,0,0,1,0,0,-0.0545362752152329,47535475.0,0,3
1,0,0,0,1,0,0,1,0,0,0,0,0,0,1,0,0,-0.0129370413002635,-1365590.0,0,3
1,0,0,0,1,0,0,1,0,0,0,0,1,0,0,0,0,0.0746999409436139,83268100.0,0,3
1,0,0,0,1,0,0,1,0,0,0,0,0,0,0,0,1,0.0599845821285814,-7666745.0,0,3
1,0,0,0,1,0,0,1,0,0,0,0,0,0,0,1,0,0.4147042072259155,-238460545.0,0,3
2,0,0,0,1,0,0,1,0,0,0,0,1,0,0,0,0,0.9452609445850332,-912705.0,0,3
2,0,1,0,0,0,0,1,0,0,0,0,0,0,0,0,1,0.2536956777766927,-15000000000.0,2,2
2,0,0,0,1,0,0,1,0,0,0,0,1,0,0,0,0,-0.0929773498404258,29904630.0,0,3
1,0,0,0,1,0,0,1,0,0,0,0,0,0,1,0,0,0.0106705790152586,322461280.0,0,3
1,0,0,0,1,0,0,1,0,0,0,0,1,0,0,0,0,-0.187745781698427,46989190.0,0,3
1,0,0,0,1,0,0,1,0,0,0,0,1,0,0,0,0,0.1366054250673138,45695305.0,0,3
1,0,0,0,1,0,0,0,1,0,0,0,1,0,0,0,0,0.1046717470948759,27303265.0,0,3
1,0,0,0,1,0,0,1,0,0,0,0,0,0,1,0,0,-0.0618069356014815,-333140380.0,0,3
1,1,0,0,0,0,1,0,0,0,0,0,0,0,1,0,0,0.0972308740714266,6322585000.0,3,4
2,0,0,0,1,0,0,0,0,1,0,0,0,0,1,0,0,0.0382096516630822,207047245.0,0,3
1,0,0,0,1,0,0,0,1,0,0,0,1,0,0,0,0,0.0480896978097886,1027788955.0,0,0
1,0,0,0,1,0,0,1,0,0,0,0,0,0,0,0,1,0.0081593857817951,-187373445.0,0,3
1,0,0,0,1,0,0,1,0,0,0,0,0,1,0,0,0,0.0071826171921218,256470170.0,0,3
2,0,0,0,1,0,1,0,0,0,0,0,0,0,0,0,1,1.9170519245189084,29978740.0,0,3
1,0,0,0,1,0,0,1,0,0,0,0,0,0,0,1,0,0.2279726359623697,142683890.0,0,3
1,0,0,0,1,0,0,0,0,1,0,0,0,0,1,0,0,0.0632610179815304,270904330.0,0,3
2,0,1,0,0,0,0,0,1,0,0,0,0,0,0,0,1,-0.1044669223345217,-1084423182.5,0,3
1,0,0,0,1,0,0,1,0,0,0,0,1,0,0,0,0,-0.1894335418716545,-110906010.0,0,3
1,0,0,0,1,0,0,1,0,0,0,0,0,0,1,0,0,0.1396412042469701,149860000.0,0,3
1,0,0,0,1,0,0,1,0,0,0,0,1,0,0,0,0,0.0730765107193876,1673654495.0,0,0
1,1,0,0,0,0,0,0,1,0,0,0,0,0,1,0,0,0.0972308740714266,838495000.0,0,3
1,0,0,0,1,0,0,1,0,0,0,0,0,0,1,0,0,0.8712293210728898,718352320.0,0,3
1,0,0,0,1,0,0,1,0,0,0,0,0,0,0,1,0,0.0691362635216339,38507080.0,0,3
1,0,0,0,1,0,1,0,0,0,0,0,0,0,1,0,0,0.0997379362248026,48067890.0,0,3
1,0,0,0,1,0,0,0,0,1,0,0,0,0,1,0,0,0.1214613885539874,114868010.0,0,3
1,0,0,0,1,0,0,0,0,0,1,0,0,0,1,0,0,-0.0057800446432656,33164715.0,0,3
1,0,0,0,1,0,0,1,0,0,0,0,1,0,0,0,0,-0.0125321701460664,127898555.0,0,3
1,0,0,0,1,0,0,1,0,0,0,0,0,0,1,0,0,0.2298266959016186,251314355.0,0,3
1,0,0,1,0,0,0,0,1,0,0,0,0,0,0,0,1,0.0286256048125859,520731430.0,0,3
1,0,0,0,1,0,0,0,1,0,0,0,0,0,1,0,0,-0.0550404507022586,-368975505.0,0,3
2,0,0,0,1,0,0,0,0,1,0,0,0,0,1,0,0,-0.0069810588972439,16107305.0,0,3
1,1,0,0,0,0,1,0,0,0,0,0,0,1,0,0,0,0.170297031546823,1500320515.0,0,0
1,0,0,0,1,0,1,0,0,0,0,0,0,1,0,0,0,0.2006151135886218,38038455.0,0,3
1,0,0,0,1,0,0,0,0,1,0,0,0,0,0,0,1,0.0487475048527298,186235120.0,0,3
2,0,0,0,1,0,0,0,0,1,0,0,1,0,0,0,0,0.1055488586420331,23945380.0,0,3
1,0,0,0,1,0,0,1,0,0,0,0,0,0,1,0,0,0.1789350467386277,150453850.0,0,3
1,0,0,0,1,0,0,1,0,0,0,0,0,1,0,0,0,0.1458308830773432,383495790.0,0,3
1,0,0,0,1,0,1,0,0,0,0,0,0,0,1,0,0,-0.0946237792992992,14571765.0,0,3
1,0,0,0,1,0,0,1,0,0,0,0,0,0,0,1,0,0.1922941808810695,1547013355.0,0,0
1,0,0,0,1,0,1,0,0,0,0,0,0,0,1,0,0,-0.0613352257825553,249168720.0,0,3
1,0,0,0,1,0,1,0,0,0,0,0,0,0,1,0,0,-0.1082017040619439,309653050.0,0,3
1,0,0,0,1,0,1,0,0,0,0,0,0,0,1,0,0,0.1265458865539248,101948180.0,0,3
1,0,0,0,1,0,0,1,0,0,0,0,1,0,0,0,0,0.073689067821144,64490475.0,0,3
2,0,0,0,1,0,0,1,0,0,0,0,0,0,0,0,1,-0.0635675506965167,-5500325.0,0,3
2,0,0,0,1,0,0,1,0,0,0,0,0,0,0,0,1,0.1928749198976592,98683755.0,0,3
1,0,0,0,1,0,0,1,0,0,0,0,0,0,0,0,1,0.3299313201167267,-625218890.0,0,3
1,0,0,0,1,0,0,1,0,0,0,0,0,0,1,0,0,0.046532103627562,-24264480.0,0,3
1,0,0,0,1,0,1,0,0,0,0,0,1,0,0,0,0,0.1691295846833441,10216490.0,0,3
1,0,0,0,1,0,1,0,0,0,0,0,0,0,1,0,0,0.1912200191000023,-523105.0,0,3
1,0,0,0,1,0,0,1,0,0,0,0,0,1,0,0,0,1.432344594615509,-11827390.0,0,3
2,0,0,0,1,0,0,1,0,0,0,0,0,0,1,0,0,0.1650722954958176,145031560.0,0,3
1,0,1,0,0,0,1,0,0,0,0,0,0,0,0,0,1,-0.0461395497117399,2959856963.5,3,0
1,0,0,0,1,0,0,1,0,0,0,0,0,1,0,0,0,0.2480048682237663,172090150.0,0,3
1,0,0,0,1,0,0,0,0,1,0,0,0,0,1,0,0,0.0957928840820226,32999130.0,0,3
1,0,0,0,1,0,0,1,0,0,0,0,1,0,0,0,0,0.603711790904778,10494135.0,0,3
1,0,0,0,1,0,0,0,0,1,0,0,0,0,1,0,0,0.179253920244236,359298385.0,0,3
1,0,0,0,1,0,0,1,0,0,0,0,0,1,0,0,0,0.1981453520009148,1207170395.0,0,0
1,0,0,0,1,0,0,1,0,0,0,0,0,0,1,0,0,0.0080944242906204,134776925.0,0,3
1,0,0,0,1,0,1,0,0,0,0,0,1,0,0,0,0,-0.0521797762725742,3501965.0,0,3
1,0,0,0,1,0,0,1,0,0,0,0,0,0,0,0,1,0.0168344616007058,-71412075.0,0,3
1,0,0,0,1,0,0,0,0,1,0,0,0,0,1,0,0,-0.2010315728458642,-102143750.0,0,3
1,0,0,0,1,0,0,0,0,1,0,0,0,0,1,0,0,0.5247512131961687,817914735.0,0,3
1,0,0,0,1,0,0,1,0,0,0,0,0,0,1,0,0,0.0894434266404086,-31473565.0,0,3
1,0,0,0,1,0,0,0,0,1,0,1,0,0,0,0,0,0.1682356219508367,19157975.0,0,3
1,0,0,0,1,0,0,1,0,0,0,0,1,0,0,0,0,0.0913802131265927,122868330.0,0,3
1,0,0,0,1,0,0,1,0,0,0,0,0,0,1,0,0,0.1450855318048172,376887795.0,0,3
1,0,0,0,1,0,0,1,0,0,0,0,0,1,0,0,0,0.411087388301915,174610460.0,0,3
1,0,1,0,0,0,0,1,0,0,0,0,0,0,0,0,1,-0.9235218775206234,1398069161.0,0,0
1,1,0,0,0,0,1,0,0,0,0,0,0,0,1,0,0,0.101872869309847,101040970.0,0,3
1,0,0,0,1,0,1,0,0,0,0,0,0,0,1,0,0,-0.0046159054629323,19420305.0,0,3
1,0,0,0,1,0,0,1,0,0,0,0,0,1,0,0,0,0.1171729185204874,47000475.0,0,3
1,1,0,0,0,0,1,0,0,0,0,0,1,0,0,0,0,0.0972308740714266,2485580000.0,3,0
1,0,0,0,1,0,0,0,0,1,0,0,0,0,1,0,0,0.0654346133332385,-113540030.0,0,3
1,0,0,0,1,0,0,0,0,1,0,0,0,0,1,0,0,-0.0327836542386742,641623890.0,0,3
1,0,0,0,1,0,0,1,0,0,0,0,0,0,1,0,0,-0.0395397566514559,-111572455.0,0,3
2,0,0,0,1,0,1,0,0,0,0,0,1,0,0,0,0,-0.1222891850500552,10828970.0,0,3
1,0,0,0,1,0,0,0,0,1,0,0,0,0,1,0,0,-0.0525761964147363,1398368605.0,0,0
1,0,0,0,1,0,0,1,0,0,0,0,0,0,1,0,0,-0.1600432562461683,46378120.0,0,3
1,0,0,0,1,0,0,1,0,0,0,0,0,0,1,0,0,0.2807064749237918,101721485.0,0,3
1,0,0,0,1,0,0,1,0,0,0,0,0,0,0,0,1,-0.0208335927695817,12237040.0,0,3
1,0,0,0,1,0,0,1,0,0,0,0,0,1,0,0,0,0.2925355254940215,373015230.0,0,3
1,0,0,0,1,0,0,0,1,0,0,0,0,0,1,0,0,0.0714980643893323,173125510.0,0,3
1,0,0,0,1,0,0,1,0,0,0,0,0,0,1,0,0,-0.0008564043165534,-76268515.0,0,3
1,0,0,0,1,0,0,1,0,0,0,0,1,0,0,0,0,0.1241254676466409,-172591150.0,0,3
1,0,0,0,1,0,0,1,0,0,0,0,0,0,0,0,1,0.0972308740714266,15000000000.0,1,1
1,0,0,0,1,0,0,0,1,0,0,0,0,0,1,0,0,0.0972308740714266,-3771775260.0,0,3
1,0,0,0,1,0,0,1,0,0,0,0,0,1,0,0,0,0.0252041674006699,155553295.0,0,3
2,0,0,0,1,0,0,1,0,0,0,0,0,0,1,0,0,1.0361584777666193,49579260.0,0,3
2,0,0,0,1,0,0,1,0,0,0,0,0,0,0,0,1,0.226316119758459,16553280.0,0,3
1,0,0,0,1,0,0,0,0,1,0,0,0,0,1,0,0,-0.08505669456541,167060035.0,0,3
2,0,0,0,1,0,0,1,0,0,0,0,1,0,0,0,0,1.0804921665837894,3306280.0,0,3
1,1,0,0,0,0,0,1,0,0,0,0,0,0,0,0,1,0.0873988290922059,214064235.0,0,3
1,0,0,0,1,0,0,0,0,0,1,0,1,0,0,0,0,0.358726960692671,7699250.0,0,3
2,0,0,0,1,0,0,1,0,0,0,0,0,0,0,0,1,0.1764653152124322,-631115.0,0,3
1,1,0,0,0,0,0,1,0,0,0,0,1,0,0,0,0,0.4205075678669798,1645112785.0,0,0
1,0,0,0,1,0,0,1,0,0,0,0,1,0,0,0,0,0.1392689404451356,42402070.0,0,3
1,0,0,0,1,0,0,1,0,0,0,0,0,0,1,0,0,0.4523956636480248,56142350.0,0,3
1,0,0,1,0,0,0,1,0,0,0,0,0,0,0,0,1,0.1035672966491291,6160634000.0,3,4
1,0,0,0,1,0,1,0,0,0,0,0,0,0,0,0,1,-0.0470640686934638,71625455.0,0,3
1,0,0,0,1,0,0,0,0,1,0,0,0,0,1,0,0,0.4929582195706412,-15765965.0,0,3
2,0,0,0,1,0,1,0,0,0,0,0,1,0,0,0,0,-0.0667809659011016,13528430.0,0,3
1,0,0,0,1,0,0,1,0,0,0,0,0,0,1,0,0,0.0346899721137749,-222531820.0,0,3
1,0,0,0,1,0,0,1,0,0,0,0,0,0,0,1,0,1.454387042916704,-312094020.0,0,3
1,0,1,0,0,0,0,1,0,0,0,0,0,0,0,0,1,-0.2488733746450608,11257165951.0,1,1
1,0,0,0,1,0,0,0,1,0,0,0,0,0,1,0,0,0.0776996798929882,-70206090.0,0,3
1,0,0,0,1,0,0,0,0,0,1,0,0,0,1,0,0,0.1344476909211518,23680575.0,0,3
1,0,0,0,1,0,0,1,0,0,0,0,0,0,1,0,0,0.0908824564528439,186224205.0,0,3
1,0,0,0,1,0,0,1,0,0,0,0,1,0,0,0,0,0.1814425475465322,760953275.0,0,3
1,0,0,0,1,0,1,0,0,0,0,0,0,1,0,0,0,0.1465654219549922,117438510.0,0,3
1,0,0,0,1,0,0,0,0,1,0,0,0,0,1,0,0,0.2951122941621886,177754470.0,0,3
1,0,0,0,1,0,0,1,0,0,0,0,0,0,0,0,1,0.4428607068922275,312484015.0,0,3
1,1,0,0,0,0,1,0,0,0,0,0,0,0,1,0,0,-0.0684656401877266,4702200000.0,3,4
1,0,0,0,1,0,1,0,0,0,0,0,0,0,1,0,0,0.0122087421775208,316209490.0,0,3
1,0,0,0,1,0,0,1,0,0,0,0,1,0,0,0,0,-0.0577123510783773,192602290.0,0,3
1,0,0,0,1,0,0,1,0,0,0,0,0,0,1,0,0,0.0182127268791401,37801205.0,0,3
1,0,0,0,1,0,0,1,0,0,0,0,0,0,0,0,1,0.3210824649043935,86920445.0,0,3
1,0,0,0,1,0,0,0,1,0,0,0,0,0,1,0,0,-0.0086882310826745,-139264470.0,0,3
1,0,0,0,1,0,0,1,0,0,0,0,0,0,0,0,1,-0.0875129158652416,-125398210.0,0,3
2,0,0,0,1,0,1,0,0,0,0,0,1,0,0,0,0,0.1054585206051604,39050055.0,0,3
1,0,0,0,1,0,0,1,0,0,0,0,0,0,0,0,1,0.1230824104167931,-59316570.0,0,3
1,0,0,0,1,0,0,1,0,0,0,0,1,0,0,0,0,-0.011133979469232,147665125.0,0,3
2,0,0,0,1,0,1,0,0,0,0,0,0,0,1,0,0,0.4372362789584742,73896125.0,0,3
2,0,0,0,1,0,0,0,0,1,0,0,0,0,1,0,0,0.0023546955751984,-1566815.0,0,3
1,0,0,0,1,0,0,1,0,0,0,0,0,0,1,0,0,0.2583536954759255,16633530.0,0,3
1,0,0,0,1,0,0,1,0,0,0,0,1,0,0,0,0,0.0011249217024882,74456350.0,0,3
1,0,0,1,0,0,1,0,0,0,0,0,0,0,0,0,1,0.0972308740714266,14859315000.0,1,1
1,0,0,0,1,0,0,0,0,1,0,0,0,0,1,0,0,0.0507247876227509,67508190.0,0,3
2,0,0,0,1,0,1,0,0,0,0,0,1,0,0,0,0,0.0689339305782977,17444070.0,0,3
1,0,0,0,1,0,0,1,0,0,0,0,1,0,0,0,0,0.0486324613863284,59988740.0,0,3
1,0,0,0,1,0,0,1,0,0,0,0,0,0,0,0,1,0.2001424821971403,159252670.0,0,3
2,0,0,0,1,0,1,0,0,0,0,0,1,0,0,0,0,0.1204352896312962,19280125.0,0,3
2,0,0,0,1,0,1,0,0,0,0,0,1,0,0,0,0,0.1140214767745431,13880000.0,0,3
1,0,0,0,1,0,0,1,0,0,0,0,1,0,0,0,0,0.2112770642645025,329892490.0,0,3
1,0,0,0,1,0,0,1,0,0,0,0,0,0,1,0,0,0.0504717204345337,12471835.0,0,3
1,0,0,0,1,0,0,1,0,0,0,0,0,0,0,0,1,-0.434615309291395,-3838880.0,0,3
1,0,0,0,1,0,0,1,0,0,0,0,0,0,1,0,0,-0.0095892246185736,154874890.0,0,3
1,0,0,0,1,0,0,1,0,0,0,0,0,0,1,0,0,0.0577787553287962,-5014385.0,0,3
1,0,0,0,1,0,0,1,0,0,0,0,0,0,0,0,1,0.014875166608723,-65349350.0,0,3
1,0,1,0,0,0,0,0,0,1,0,0,0,0,0,0,1,0.0181284988760045,3202686675.5,3,0
1,0,0,0,1,0,1,0,0,0,0,0,0,0,1,0,0,0.2335013695345218,63196295.0,0,3
1,0,0,0,1,0,0,1,0,0,0,0,1,0,0,0,0,0.0660131541022157,-39797370.0,0,3
1,0,0,0,1,0,0,0,0,1,0,0,0,0,0,0,1,0.5734969356830621,16113260.0,0,3
1,0,0,0,1,0,0,1,0,0,0,0,0,0,1,0,0,0.098675183622069,17479240.0,0,3
1,0,0,0,1,0,0,0,0,1,0,0,0,0,1,0,0,0.2421859670074869,-154396900.0,0,3
1,0,0,0,1,0,0,1,0,0,0,0,0,0,1,0,0,0.1421930800431204,154719355.0,0,3
1,0,0,0,1,0,0,1,0,0,0,0,1,0,0,0,0,0.1625226418257052,28550050.0,0,3
1,0,0,0,1,0,0,0,0,1,0,0,0,0,1,0,0,0.1160551013761024,516611490.0,0,3
1,0,0,0,1,0,0,0,0,1,0,0,1,0,0,0,0,0.2817586235151049,12709165.0,0,3
1,0,0,0,1,0,0,1,0,0,0,0,0,0,0,0,1,0.0649996100604954,-253515060.0,0,3
1,0,0,0,1,0,1,0,0,0,0,0,0,0,1,0,0,-0.0068952363311491,182687110.0,0,3
1,0,0,0,1,0,0,1,0,0,0,0,1,0,0,0,0,0.2165150521926483,61695765.0,0,3
2,0,0,0,1,0,0,1,0,0,0,1,0,0,0,0,0,-0.0662393981679436,88441845.0,0,3
1,0,0,0,1,0,1,0,0,0,0,0,0,0,1,0,0,0.0078355943999019,23559560.0,0,3
1,0,0,0,1,0,1,0,0,0,0,0,0,0,1,0,0,0.0624705072593865,149996400.0,0,3
1,0,0,0,1,0,0,1,0,0,0,0,0,0,1,0,0,-0.0255525952798767,-4245630.0,0,3
1,0,0,0,1,0,0,1,0,0,0,0,0,0,1,0,0,-0.2960327983151267,6370445680.0,3,4
2,0,0,0,1,0,0,0,0,1,0,0,0,0,1,0,0,0.0425534444716132,116467395.0,0,3
1,0,0,0,1,0,0,1,0,0,0,0,0,1,0,0,0,0.1275689009824938,74518920.0,0,3
1,0,0,0,1,0,0,0,0,1,0,0,0,0,0,0,1,0.2243105613533725,5753885.0,0,3
2,0,0,0,1,0,0,1,0,0,0,0,1,0,0,0,0,0.0256169218304197,89088310.0,0,3
1,0,0,0,1,0,1,0,0,0,0,0,0,0,1,0,0,-0.0270912639731817,-12862170.0,0,3
1,0,1,0,0,0,0,0,1,0,0,0,0,0,0,0,1,0.3073279902178957,2693749654.0,3,0
1,0,0,0,1,0,1,0,0,0,0,1,0,0,0,0,0,0.0971372497194138,93909910.0,0,3
1,0,0,0,1,0,0,1,0,0,0,0,1,0,0,0,0,0.2204614525057672,806409990.0,0,3
1,0,0,0,1,0,0,1,0,0,0,0,0,0,1,0,0,0.225016081350602,15016745.0,0,3
1,0,0,0,1,0,0,0,0,1,0,0,0,1,0,0,0,0.4800374676254608,397811010.0,0,3
2,0,0,0,1,0,0,0,0,1,0,0,1,0,0,0,0,0.0415671275168104,-2052565.0,0,3
1,0,0,0,1,0,1,0,0,0,0,0,0,0,1,0,0,0.000357170880368,113433440.0,0,3
1,0,0,0,1,0,0,1,0,0,0,0,0,0,1,0,0,-0.0360740449696452,499780435.0,0,3
1,0,0,0,1,0,0,1,0,0,0,0,1,0,0,0,0,0.2547316966718244,37560685.0,0,3
1,0,0,0,1,0,0,1,0,0,0,0,0,0,1,0,0,0.2001522888705302,60279530.0,0,3
1,0,0,0,1,0,0,1,0,0,0,0,1,0,0,0,0,-0.0296794745377622,-386701055.0,0,3
1,0,0,0,0,1,0,1,0,0,0,0,0,0,0,0,1,0.514095898220962,57308325.5,0,3
1,0,0,0,1,0,0,0,0,1,0,0,0,0,1,0,0,0.2728229514783154,245991050.0,0,3
1,0,0,0,1,0,1,0,0,0,0,0,0,0,1,0,0,0.3846415049642568,175596020.0,0,3
1,0,0,0,1,0,0,0,0,0,1,0,0,1,0,0,0,0.1769902080753904,1189543110.0,0,0
1,0,0,0,1,0,0,1,0,0,0,0,1,0,0,0,0,0.0231117702511544,17540930.0,0,3
1,0,0,0,1,0,0,1,0,0,0,0,0,0,0,1,0,0.3049568990449592,375029675.0,0,3
1,0,0,0,1,0,1,0,0,0,0,0,1,0,0,0,0,0.1590147947345621,49279250.0,0,3
1,0,0,0,1,0,0,1,0,0,0,0,1,0,0,0,0,-0.0581839673570594,15462215.0,0,3
1,0,0,0,1,0,0,0,1,0,0,0,1,0,0,0,0,0.2815336864784208,-33339020.0,0,3
1,0,0,0,1,0,0,0,0,1,0,0,0,0,1,0,0,0.0022516812651494,654631560.0,0,3
1,0,0,0,1,0,0,1,0,0,0,0,1,0,0,0,0,0.1478671546929734,8918890.0,0,3
1,0,0,0,1,0,0,1,0,0,0,0,1,0,0,0,0,0.1545443443950103,38524945.0,0,3
2,0,0,0,1,0,0,1,0,0,0,0,0,0,0,0,1,-0.2558945622883415,71457225.0,0,3
1,0,0,0,1,0,0,1,0,0,0,0,0,0,1,0,0,0.0553048791035613,268451845.0,0,3
1,0,0,0,1,0,0,0,1,0,0,0,0,0,1,0,0,0.1565123359688173,-65153385.0,0,3
1,0,0,0,1,0,0,0,1,0,0,0,0,0,1,0,0,0.0786256489213303,600565.0,0,3
2,0,0,0,1,0,0,1,0,0,0,0,0,0,0,0,1,0.0658283680540194,66606965.0,0,3
1,0,0,0,1,0,0,1,0,0,0,0,0,0,0,0,1,0.0546879196569711,-9520070.0,0,3
1,0,0,0,1,0,0,1,0,0,0,0,0,0,0,1,0,0.2437031904527691,-308895580.0,0,3
1,0,0,0,1,0,0,1,0,0,0,0,0,0,1,0,0,0.0228733171102513,164144265.0,0,3
1,0,0,0,1,0,0,0,1,0,0,0,0,0,0,1,0,0.0826949278441278,-73315975.0,0,3
1,0,0,0,1,0,0,1,0,0,0,0,1,0,0,0,0,-0.0682995445565967,-155406650.0,0,3
1,0,0,0,1,0,0,1,0,0,0,0,0,0,0,0,1,0.3348291327574335,14175975.0,0,3
1,0,0,0,1,0,0,1,0,0,0,0,1,0,0,0,0,0.0950401342391818,234445745.0,0,3
1,0,0,0,1,0,0,1,0,0,0,0,0,0,1,0,0,-0.0955561965632983,122743195.0,0,3
1,0,0,1,0,0,0,0,0,1,0,0,0,0,0,0,1,0.0537088373341107,776862155.0,0,3
2,0,0,0,1,0,0,0,1,0,0,0,0,0,0,0,1,0.0231398173656561,5102175.0,0,3
1,0,0,0,1,0,0,1,0,0,0,0,1,0,0,0,0,0.2108237004523663,83160900.0,0,3
1,0,0,0,1,0,0,1,0,0,0,0,0,0,0,0,1,0.0908136341540345,-268912605.0,0,3
2,0,0,0,1,0,1,0,0,0,0,0,0,1,0,0,0,0.0677684790039399,99075685.0,0,3
1,0,0,0,1,0,0,0,0,1,0,0,0,0,1,0,0,0.0611816384038575,248392895.0,0,3
2,0,0,0,1,0,0,0,0,1,0,1,0,0,0,0,0,0.1317466352928598,42037820.0,0,3
2,0,0,0,1,0,0,0,0,0,1,0,1,0,0,0,0,0.0880915531130625,29428145.0,0,3
1,0,0,0,1,0,0,0,0,1,0,0,0,0,1,0,0,0.0550381831548607,397556540.0,0,3
1,0,0,0,1,0,0,1,0,0,0,0,1,0,0,0,0,0.1646246135555352,101348555.0,0,3
1,0,0,0,1,0,0,1,0,0,0,0,1,0,0,0,0,-0.0282040135393724,146123445.0,0,3
1,0,0,0,1,0,0,1,0,0,0,0,0,1,0,0,0,0.6622907157333524,1665205060.0,0,0
1,0,0,0,1,0,0,1,0,0,0,0,0,0,0,0,1,0.1993735467280398,11043120.0,0,3
1,0,0,0,1,0,1,0,0,0,0,0,0,0,1,0,0,0.0220571244506764,158090755.0,0,3
1,0,0,0,1,0,0,0,1,0,0,1,0,0,0,0,0,0.0702676897917632,31518275.0,0,3
1,0,0,0,1,0,1,0,0,0,0,0,0,0,1,0,0,0.1153247662711245,26155820.0,0,3
1,0,0,0,1,0,0,1,0,0,0,0,0,0,0,0,1,0.0696034001185136,6143283445.0,3,4
1,0,0,0,1,0,0,1,0,0,0,0,0,0,1,0,0,0.0670908147702119,364274230.0,0,3
1,0,0,0,1,0,0,1,0,0,0,0,1,0,0,0,0,0.1480278627180775,151929300.0,0,3
1,0,0,0,1,0,1,0,0,0,0,0,1,0,0,0,0,0.352885416717861,12718755.0,0,3
1,0,0,0,1,0,0,1,0,0,0,0,0,0,0,0,1,-0.1245696130128196,-47986775.0,0,3
1,0,0,0,1,0,0,0,0,1,0,0,0,0,1,0,0,0.0167384261933598,80120150.0,0,3
2,0,0,0,1,0,0,0,1,0,0,0,1,0,0,0,0,-0.0673190918056633,28602110.0,0,3
1,0,0,0,1,0,0,1,0,0,0,0,1,0,0,0,0,0.3437261509293271,143341160.0,0,3
2,0,0,0,1,0,1,0,0,0,0,0,1,0,0,0,0,-0.0995416788377323,-47548580.0,0,3
1,0,0,0,1,0,0,0,1,0,0,0,0,0,1,0,0,0.0804969740225848,83903495.0,0,3
1,0,0,0,1,0,0,1,0,0,0,0,1,0,0,0,0,0.2698184792231505,138906620.0,0,3
1,0,0,0,1,0,0,0,0,0,1,0,0,1,0,0,0,0.4944217646248021,51292620.0,0,3
1,0,0,0,1,0,0,1,0,0,0,0,0,0,0,0,1,0.0685809023934585,207327015.0,0,3
2,0,0,0,1,0,0,0,1,0,0,0,0,0,1,0,0,-0.0309521337439461,37092000.0,0,3
1,0,0,0,1,0,0,1,0,0,0,0,0,0,0,0,1,0.2607864559317983,-78075340.0,0,3
2,0,0,0,1,0,0,0,0,0,1,0,0,0,0,0,1,0.0872981439117173,15048680.0,0,3
1,0,0,0,1,0,0,0,0,1,0,0,0,0,1,0,0,-0.0049822144508655,95359640.0,0,3
1,0,0,0,1,0,1,0,0,0,0,0,0,0,1,0,0,0.3078667472382005,-5389430.0,0,3
1,0,0,0,1,0,1,0,0,0,0,0,0,0,1,0,0,0.0894527214547793,810060375.0,0,3
1,0,0,0,1,0,0,1,0,0,0,0,0,0,0,0,1,0.0404616091380714,1404485460.0,0,0
1,1,0,0,0,0,0,1,0,0,0,0,0,0,0,0,1,0.0928886144753441,11169805000.0,1,1
1,0,0,0,1,0,0,0,0,1,0,0,1,0,0,0,0,0.037797240459507,162560340.0,0,3
2,0,0,0,1,0,0,0,0,0,1,0,1,0,0,0,0,0.0297814173456307,781465.0,0,3
2,0,0,0,1,0,1,0,0,0,0,0,0,0,1,0,0,0.2838908406834459,26193565.0,0,3
1,0,0,0,1,0,0,0,0,1,0,0,0,0,1,0,0,0.0191047039859745,59456600.0,0,3
1,0,0,0,1,0,0,1,0,0,0,0,1,0,0,0,0,0.002650086105971,457184700.0,0,3
2,0,0,0,1,0,0,0,0,0,1,1,0,0,0,0,0,0.0807079014630554,85981715.0,0,3
1,0,0,0,1,0,0,1,0,0,0,0,0,0,0,0,1,-0.0635984233933798,-397500.0,0,3
1,0,1,0,0,0,0,0,0,0,1,0,0,0,0,0,1,0.4503000527534486,-2861839122.0,0,3
1,0,0,0,1,0,0,0,0,1,0,0,0,0,1,0,0,-0.0386835380626668,489814965.0,0,3
1,0,0,0,1,0,0,1,0,0,0,0,0,0,1,0,0,0.1023616290379053,247364365.0,0,3
1,0,0,0,1,0,0,1,0,0,0,0,0,1,0,0,0,-0.0591066907446361,355712590.0,0,3
2,0,0,0,1,0,0,1,0,0,0,0,0,0,0,1,0,0.3895251024128935,-1852020.0,0,3
1,0,0,0,1,0,0,0,1,0,0,0,1,0,0,0,0,0.0182944142766155,-63160950.0,0,3
1,0,0,0,1,0,0,0,0,0,1,0,1,0,0,0,0,0.1631630695742648,9757270.0,0,3
1,0,0,0,1,0,1,0,0,0,0,0,1,0,0,0,0,-0.1490345663220571,8691795.0,0,3
1,0,0,0,1,0,0,0,0,1,0,0,0,0,1,0,0,0.1057014253676015,-67351610.0,0,3
1,0,0,0,1,0,1,0,0,0,0,0,1,0,0,0,0,0.0731208085200299,32839950.0,0,3
2,0,0,0,1,0,0,0,0,1,0,0,0,0,0,0,1,0.2302224160448986,60477540.0,0,3
1,0,0,0,1,0,0,1,0,0,0,0,1,0,0,0,0,-0.1883135751714579,-959840.0,0,3
2,0,0,0,1,0,0,0,1,0,0,0,0,1,0,0,0,-0.112887207755435,93410425.0,0,3
2,0,0,0,1,0,0,1,0,0,0,0,1,0,0,0,0,-0.086276694508016,-20167550.0,0,3
1,0,0,0,1,0,0,0,0,0,1,0,0,0,1,0,0,-0.0245293619190583,95489775.0,0,3
1,0,0,0,1,0,0,1,0,0,0,0,1,0,0,0,0,0.1975098223667685,247074545.0,0,3
1,0,0,0,1,0,1,0,0,0,0,0,0,1,0,0,0,0.2594979691605638,179591100.0,0,3
1,0,0,0,1,0,0,1,0,0,0,0,0,0,0,0,1,-0.0928293656869237,109292770.0,0,3
2,0,0,0,1,0,0,1,0,0,0,0,0,0,0,0,1,-0.4567991394366058,-31537990.0,0,3
2,0,0,0,1,0,0,0,0,1,0,0,1,0,0,0,0,-0.1662106824491498,237012260.0,0,3
1,0,0,0,1,0,0,1,0,0,0,0,1,0,0,0,0,0.2695489802715864,50511195.0,0,3
1,0,0,0,1,0,1,0,0,0,0,0,0,0,1,0,0,0.1692032144836165,2801633800.0,3,0
1,0,0,0,1,0,0,1,0,0,0,0,0,0,0,0,1,-0.5295707451190698,66154875.0,0,3
2,0,0,0,1,0,0,1,0,0,0,0,0,1,0,0,0,-0.2682943784304567,279925585.0,0,3
2,0,0,0,1,0,0,0,0,0,1,0,0,0,0,0,1,0.0798103060076639,1600670.0,0,3
2,0,0,0,1,0,0,0,0,1,0,0,1,0,0,0,0,-0.0371001712951146,20608845.0,0,3
1,0,0,0,1,0,0,0,0,1,0,0,0,0,1,0,0,0.0008928209869783,433353820.0,0,3
1,0,0,0,1,0,0,1,0,0,0,0,1,0,0,0,0,0.0042132029770452,66531685.0,0,3
1,0,1,0,0,0,0,1,0,0,0,0,0,0,0,0,1,-0.8985743149488087,141822502.5,0,3
1,0,0,0,1,0,0,1,0,0,0,0,1,0,0,0,0,0.1205265871364075,82412570.0,0,3
1,0,0,0,1,0,0,0,1,0,0,0,0,0,1,0,0,0.1095264079611106,47197790.0,0,3
1,0,0,0,1,0,0,1,0,0,0,0,1,0,0,0,0,0.318878807071264,16805755.0,0,3
1,0,0,0,1,0,0,1,0,0,0,0,0,0,0,0,1,1.363696767045997,20484935.0,0,3
2,0,1,0,0,0,0,0,0,1,0,0,0,0,0,0,1,0.3337502186909448,225797418.5,0,3
1,0,0,0,1,0,0,1,0,0,0,0,0,0,0,0,1,0.1889752080241497,1046946220.0,0,0
2,0,0,0,1,0,1,0,0,0,0,0,1,0,0,0,0,0.169830848826388,51428630.0,0,3
1,0,0,0,1,0,0,1,0,0,0,0,0,0,0,1,0,0.6216224835791951,258665420.0,0,3
1,0,0,0,1,0,1,0,0,0,0,0,0,0,0,0,1,0.0841768316865585,145910320.0,0,3
2,0,0,0,1,0,0,1,0,0,0,0,0,0,0,0,1,-0.0588708702892625,203437875.0,0,3
1,0,0,0,1,0,0,1,0,0,0,0,0,0,0,0,1,-0.1907966564092766,-105064865.0,0,3
1,0,0,0,1,0,0,1,0,0,0,0,1,0,0,0,0,0.1098354019326656,26348240.0,0,3
1,0,0,0,1,0,1,0,0,0,0,0,0,0,0,0,1,0.0845938359423039,1309797055.0,0,0
2,0,0,0,1,0,0,1,0,0,0,0,1,0,0,0,0,0.0918675279223861,51637070.0,0,3
1,0,0,1,0,0,0,1,0,0,0,0,0,0,0,0,1,0.0972308740714266,15000000000.0,1,1
1,0,1,0,0,0,0,0,0,1,0,0,0,0,0,0,1,-0.3297334242837393,-118105785.5,0,3
2,0,0,0,1,0,0,0,0,1,0,0,0,0,0,0,1,-0.0440371529888484,12550735.0,0,3
1,0,0,0,1,0,0,1,0,0,0,0,1,0,0,0,0,0.1059943006059595,7318825.0,0,3
1,0,0,0,1,0,0,1,0,0,0,0,1,0,0,0,0,-0.011765566712808,151731385.0,0,3
1,0,0,0,1,0,0,1,0,0,0,0,0,0,1,0,0,0.0204469527389121,-167127350.0,0,3
1,0,0,0,1,0,0,1,0,0,0,0,0,0,0,0,1,0.2027434401804575,81718370.0,0,3
2,0,0,0,1,0,0,1,0,0,0,0,1,0,0,0,0,0.0676152328910102,32823425.0,0,3
1,0,0,0,1,0,1,0,0,0,0,0,0,0,1,0,0,-0.0963170398707726,42794495.0,0,3
1,0,1,0,0,0,1,0,0,0,0,0,0,0,0,0,1,0.2911800501032359,5015513391.0,3,4
1,0,0,0,1,0,0,1,0,0,0,0,1,0,0,0,0,-0.0519904869970047,-31108325.0,0,3
1,0,0,0,1,0,0,0,0,1,0,0,0,0,1,0,0,0.0467571213394333,339629650.0,0,3
1,0,0,0,1,0,0,0,0,1,0,0,0,0,1,0,0,0.0908510293386487,-92564660.0,0,3
1,0,0,0,1,0,1,0,0,0,0,0,0,0,1,0,0,0.0765276442948391,729250160.0,0,3
1,0,0,0,1,0,0,0,1,0,0,0,0,0,1,0,0,0.1092945263123357,191513625.0,0,3
2,0,0,0,1,0,0,0,1,0,0,0,1,0,0,0,0,0.0974964753837567,10582860.0,0,3
1,0,0,0,1,0,0,1,0,0,0,0,1,0,0,0,0,-0.0312844207319536,20803955.0,0,3
1,0,0,0,1,0,0,0,0,0,1,0,0,0,1,0,0,-0.0682710453233571,130298535.0,0,3
1,0,0,0,1,0,0,1,0,0,0,0,1,0,0,0,0,-0.0942883616434192,337605445.0,0,3
1,0,0,0,1,0,0,0,1,0,0,0,1,0,0,0,0,0.0396962833619904,104858615.0,0,3
2,0,0,0,1,0,1,0,0,0,0,1,0,0,0,0,0,0.0941408879508293,33215425.0,0,3
1,0,0,0,1,0,0,1,0,0,0,0,1,0,0,0,0,0.0022825298642151,24237005.0,0,3
1,0,0,0,1,0,0,0,0,0,1,0,0,0,1,0,0,0.0399525780765247,154164875.0,0,3
1,0,0,0,1,0,0,1,0,0,0,0,1,0,0,0,0,0.5121937597310472,-30095410.0,0,3
2,0,0,0,1,0,1,0,0,0,0,0,1,0,0,0,0,-0.0004740583453726,19073650.0,0,3
1,0,0,0,1,0,0,1,0,0,0,0,0,0,0,0,1,0.0546424977583924,904967375.0,0,3
1,0,0,0,1,0,0,1,0,0,0,0,0,0,1,0,0,0.0300250293763557,-123269775.0,0,3
1,0,0,0,1,0,0,0,1,0,0,0,1,0,0,0,0,0.0454396120177722,126305510.0,0,3
1,0,0,0,1,0,0,1,0,0,0,0,0,0,0,1,0,0.2946739066569986,-1056950.0,0,3
2,0,0,0,1,0,0,1,0,0,0,0,0,0,0,0,1,0.4467731982019712,5525040.0,0,3
1,0,0,0,1,0,0,1,0,0,0,0,1,0,0,0,0,0.0342027237119008,84557030.0,0,3
1,0,0,0,1,0,0,1,0,0,0,0,0,0,0,0,1,0.2182114581252681,91040710.0,0,3
1,0,0,0,1,0,0,1,0,0,0,0,0,0,0,0,1,0.0699968048798188,2777168385.0,3,0
1,0,0,0,1,0,0,1,0,0,0,0,0,0,1,0,0,-0.0314358289516161,15000000000.0,1,1
1,0,0,0,1,0,1,0,0,0,0,0,0,1,0,0,0,0.392063560283183,33983135.0,0,3
1,0,0,0,1,0,1,0,0,0,0,0,0,0,1,0,0,0.1041111843116192,897478130.0,0,3
1,0,0,0,1,0,0,1,0,0,0,0,0,0,1,0,0,0.1605743230016054,107623135.0,0,3
1,0,0,0,1,0,0,1,0,0,0,0,0,0,0,0,1,0.1722574403221679,330306660.0,0,3
1,0,0,0,1,0,0,1,0,0,0,0,0,0,0,0,1,0.0988525714361008,205987900.0,0,3
1,0,0,0,1,0,0,1,0,0,0,0,1,0,0,0,0,0.3820340766003077,-33683705.0,0,3
1,0,0,0,1,0,0,1,0,0,0,0,0,0,1,0,0,0.1739731183115498,164992965.0,0,3
2,0,0,0,1,0,0,1,0,0,0,0,1,0,0,0,0,0.0149261024371994,358122040.0,0,3
2,0,0,0,1,0,0,0,0,0,1,0,1,0,0,0,0,0.1573434946726284,332605445.0,0,3
1,0,0,0,1,0,1,0,0,0,0,0,0,0,0,0,1,0.3350438099802668,113451440.0,0,3
2,0,1,0,0,0,0,0,1,0,0,0,0,0,0,0,1,0.535295861198715,-15000000000.0,2,2
2,0,0,0,1,0,0,1,0,0,0,0,1,0,0,0,0,0.1664232465741298,39723510.0,0,3
1,0,0,0,1,0,1,0,0,0,0,0,0,0,0,0,1,-0.1693752018236185,-362979585.0,0,3
1,0,0,0,1,0,0,1,0,0,0,0,1,0,0,0,0,0.5026274575438638,49058115.0,0,3
1,0,0,0,1,0,0,1,0,0,0,0,0,0,1,0,0,0.0263311182786595,229144290.0,0,3
1,0,0,0,1,0,0,1,0,0,0,0,0,0,1,0,0,0.0195299349368643,-58006350.0,0,3
2,0,0,0,1,0,1,0,0,0,0,0,1,0,0,0,0,-0.0484630308288705,14485525.0,0,3
1,0,0,0,1,0,0,1,0,0,0,0,0,0,1,0,0,0.0210661424238784,87749690.0,0,3
2,0,0,0,1,0,0,1,0,0,0,0,1,0,0,0,0,0.0084508911307466,1907405030.0,0,0
1,0,0,0,1,0,0,0,0,0,1,0,1,0,0,0,0,0.5449949192738738,91131980.0,0,3
1,0,0,0,1,0,0,1,0,0,0,0,0,0,0,1,0,-0.0381343040123812,-2347171975.0,0,3
2,0,0,0,1,0,0,1,0,0,0,0,0,0,0,0,1,-0.0346093964427427,21029555.0,0,3
1,0,0,0,1,0,0,0,1,0,0,0,1,0,0,0,0,-0.0291773659939893,106039675.0,0,3
1,0,0,0,1,0,0,1,0,0,0,0,0,0,1,0,0,0.0217616406198348,-150287190.0,0,3
1,0,0,0,1,0,1,0,0,0,0,0,0,0,1,0,0,0.0420029744799104,194915000.0,0,3
1,0,0,0,1,0,0,1,0,0,0,0,0,0,1,0,0,0.1951887297680225,242873815.0,0,3
1,0,0,0,1,0,0,0,0,1,0,0,0,1,0,0,0,-0.3478206495080569,-3202755255.0,0,3
1,0,0,0,1,0,0,0,0,0,1,1,0,0,0,0,0,-0.0071744176036611,34546090.0,0,3
1,0,0,0,1,0,1,0,0,0,0,0,0,0,1,0,0,-0.009679644425422,28890785.0,0,3
1,0,0,0,1,0,0,1,0,0,0,0,1,0,0,0,0,0.6807859309554134,37821995.5,0,3
1,0,0,0,1,0,0,1,0,0,0,0,0,0,0,0,1,-0.2673502386956891,121619675.0,0,3
1,0,0,0,1,0,0,0,0,1,0,0,0,0,1,0,0,0.009396487395967,39099585.0,0,3
2,0,0,0,1,0,0,1,0,0,0,1,0,0,0,0,0,0.1553750615524066,40939750.0,0,3
2,0,0,0,1,0,0,1,0,0,0,0,1,0,0,0,0,0.0534285302271341,49494125.0,0,3
2,0,0,0,1,0,0,1,0,0,0,0,1,0,0,0,0,0.0634197661110144,21891960.0,0,3
1,0,0,1,0,0,1,0,0,0,0,0,0,0,0,0,1,-0.0183695680221977,-208655000.0,0,3
2,0,0,0,1,0,1,0,0,0,0,0,0,0,1,0,0,-0.3806690934404266,86607755.0,0,3
1,0,0,0,1,0,0,1,0,0,0,0,0,0,1,0,0,0.024171982820865,-1442385535.0,0,3
2,0,0,0,1,0,1,0,0,0,0,0,0,0,1,0,0,0.0,9790110.0,0,3
1,0,0,0,1,0,0,0,0,0,1,0,0,1,0,0,0,-0.0088595983875857,696821795.0,0,3
1,0,0,0,1,0,0,1,0,0,0,0,0,0,1,0,0,0.012858756354759,92018337.8265306,0,3
1,0,0,0,1,0,0,1,0,0,0,0,0,0,0,0,1,0.0972308740714266,-139459275.0,0,3
1,0,0,0,1,0,0,0,1,0,0,0,0,0,1,0,0,0.0506215877120915,1594298490.0,0,0
1,0,0,0,1,0,0,0,0,1,0,0,1,0,0,0,0,0.1674957849471493,1754792385.0,0,0
2,0,0,0,1,0,0,0,0,0,1,0,1,0,0,0,0,-0.0640312789751328,34789505.0,0,3
1,0,0,0,1,0,0,1,0,0,0,0,1,0,0,0,0,0.2931567650407652,-3654854140.0,0,3
1,0,0,1,0,0,0,0,0,0,1,0,0,0,0,0,1,-0.036441477561352,338198565.0,0,3
1,0,0,0,1,0,0,1,0,0,0,0,0,1,0,0,0,0.3160406875006478,5702840.0,0,3
1,0,0,0,1,0,0,1,0,0,0,0,0,0,0,1,0,0.162269181943126,4850119250.0,3,4
1,0,0,0,1,0,0,0,0,1,0,0,1,0,0,0,0,-0.0039380811252328,59237415.0,0,3
1,0,0,0,1,0,0,1,0,0,0,0,0,0,1,0,0,0.2223753816127678,5195505.0,0,3
1,0,0,0,1,0,0,1,0,0,0,0,0,0,1,0,0,-0.0747730426565402,551374470.0,0,3
1,0,0,0,1,0,0,1,0,0,0,0,1,0,0,0,0,0.2258307877860673,15122765.0,0,3
1,0,0,1,0,0,0,1,0,0,0,0,0,0,0,0,1,-0.034625886272022,-746206575.0,0,3
1,0,0,0,1,0,0,1,0,0,0,0,0,0,0,0,1,0.1075523184603735,2058238435.0,0,0
1,0,0,0,1,0,1,0,0,0,0,0,1,0,0,0,0,0.126567937427545,46078235.0,0,3
1,0,0,0,1,0,0,1,0,0,0,0,0,0,1,0,0,0.0135359749150619,188383370.0,0,3
2,0,0,0,1,0,0,1,0,0,0,0,0,0,1,0,0,0.1000878658567949,75656800.0,0,3
1,0,0,0,1,0,0,1,0,0,0,0,0,0,0,1,0,-0.0390250074303663,2030350185.0,0,0
1,0,0,0,1,0,0,0,0,1,0,0,0,0,1,0,0,-0.015408616420941,23916785.0,0,3
1,0,0,0,1,0,0,1,0,0,0,0,1,0,0,0,0,0.1905231753439262,10902215.0,0,3
1,1,0,0,0,0,0,0,0,1,0,0,0,0,1,0,0,0.038860511028016,335153225.0,0,3
1,0,0,0,1,0,0,0,1,0,0,0,0,0,1,0,0,0.1585692346365061,48811790.0,0,3
2,0,0,0,1,0,0,0,1,0,0,0,0,0,1,0,0,0.1760375008704382,90815515.0,0,3
1,0,0,0,1,0,0,1,0,0,0,0,0,1,0,0,0,0.2242529784803828,93152325.0,0,3
1,1,0,0,0,0,0,1,0,0,0,0,0,0,1,0,0,0.0255206856747473,647596595.0,0,3
1,0,0,0,1,0,0,0,0,1,0,0,0,0,1,0,0,0.0865183356735812,109595175.0,0,3
2,0,0,0,1,0,0,0,1,0,0,0,1,0,0,0,0,0.9313325430828304,18629555.0,0,3
1,0,0,0,1,0,0,1,0,0,0,0,1,0,0,0,0,-0.0266280630074567,60235420.0,0,3
1,0,0,0,1,0,0,1,0,0,0,0,1,0,0,0,0,0.1778877824094376,14673270.0,0,3
1,0,0,0,1,0,0,0,0,0,1,0,0,0,0,1,0,0.1724469942823686,-137652820.0,0,3
1,0,0,0,1,0,1,0,0,0,0,0,0,0,1,0,0,0.1295874750605388,189626850.0,0,3
1,0,0,0,1,0,0,0,0,1,0,0,1,0,0,0,0,-0.038914787990866,2912285.0,0,3
2,0,0,0,1,0,0,0,1,0,0,0,1,0,0,0,0,0.3483546878742599,66281710.0,0,3
1,0,0,0,1,0,1,0,0,0,0,0,1,0,0,0,0,0.2232626719127298,235333340.0,0,3
2,0,0,0,1,0,0,1,0,0,0,0,0,0,1,0,0,0.2186390301967614,103952075.0,0,3
2,0,0,0,1,0,0,1,0,0,0,0,1,0,0,0,0,-0.05490648693084,22736550.0,0,3
2,0,0,0,1,0,0,1,0,0,0,0,0,0,1,0,0,0.2498815911521165,17569615.0,0,3
1,0,0,0,1,0,0,0,1,0,0,0,0,0,1,0,0,-0.0034685626250909,1183886485.0,0,0
1,0,0,0,1,0,0,1,0,0,0,0,0,0,1,0,0,0.1037889792613336,346871545.0,0,3
2,0,0,0,1,0,0,1,0,0,0,0,0,0,1,0,0,0.0848076652886829,123534510.0,0,3
1,0,0,0,1,0,0,1,0,0,0,0,1,0,0,0,0,-0.0560012397809802,1060090.0,0,3
1,0,0,0,1,0,1,0,0,0,0,0,0,1,0,0,0,0.1197986727771055,-75519870.0,0,3
1,0,0,0,1,0,0,1,0,0,0,0,0,0,0,0,1,1.0351886221023994,64011790.0,0,3
1,0,0,0,1,0,0,1,0,0,0,0,0,0,1,0,0,0.0971352806214714,-88121465.0,0,3
1,0,0,0,1,0,0,1,0,0,0,0,1,0,0,0,0,0.172861636733461,88201085.0,0,3
1,0,0,0,1,0,0,1,0,0,0,0,0,0,0,1,0,0.083510281258523,132340860.0,0,3
1,0,0,0,1,0,1,0,0,0,0,0,0,0,1,0,0,0.0082557559738214,378804895.0,0,3
1,0,0,0,1,0,0,1,0,0,0,0,0,1,0,0,0,0.4658606105378993,43768465.0,0,3
1,0,0,0,1,0,0,1,0,0,0,0,1,0,0,0,0,0.2852261870727753,-1679885.0,0,3
2,0,0,0,1,0,1,0,0,0,0,0,1,0,0,0,0,0.4289198343936567,-646230.0,0,3
1,0,0,0,1,0,1,0,0,0,0,0,1,0,0,0,0,0.017523655378486,11645000.0,0,3
1,0,0,0,1,0,0,1,0,0,0,0,1,0,0,0,0,0.0452455269878269,132390885.0,0,3
1,0,0,0,1,0,0,1,0,0,0,0,1,0,0,0,0,0.0290269146646733,-51690575.0,0,3
1,1,0,0,0,0,0,1,0,0,0,0,0,0,0,1,0,0.0972308740714266,15000000000.0,1,1
1,0,0,0,1,0,1,0,0,0,0,0,0,0,1,0,0,0.1857640601130669,16200690.0,0,3
1,0,0,0,1,0,1,0,0,0,0,0,1,0,0,0,0,0.1566905390273334,-186825325.0,0,3
1,0,0,1,0,0,0,0,0,1,0,0,0,0,0,0,1,0.2454036181734453,2631925000.0,3,0
1,0,0,0,1,0,0,1,0,0,0,0,0,0,0,0,1,0.1486548905575286,2496454200.0,3,0
1,0,0,0,1,0,1,0,0,0,0,0,0,0,0,0,1,-0.4405187184097621,-14237555.0,0,3
1,0,0,0,1,0,0,1,0,0,0,0,0,0,1,0,0,0.1354590858828547,50380250.0,0,3
1,0,0,0,1,0,0,1,0,0,0,0,0,0,1,0,0,0.0632501086490579,39323295.0,0,3
1,0,0,1,0,0,0,1,0,0,0,0,0,0,0,0,1,-0.0212816044474305,2319304630.0,3,0
1,0,0,0,1,0,0,1,0,0,0,0,0,0,0,0,1,0.0047650759613977,-43385380.0,0,3
2,0,0,0,1,0,0,0,0,1,0,0,0,0,1,0,0,0.1356157331560787,14998525.0,0,3
1,0,0,0,1,0,0,0,1,0,0,0,0,0,1,0,0,0.3688171594675408,38587915.0,0,3
2,0,0,0,1,0,0,0,0,0,1,0,1,0,0,0,0,0.1697132073798243,21443250.0,0,3
1,0,0,0,1,0,0,1,0,0,0,0,0,0,1,0,0,0.0060927886640539,-203280125.0,0,3
1,1,0,0,0,0,0,0,0,1,0,0,0,0,1,0,0,0.0455330877605689,206165000.0,0,3
2,0,0,0,1,0,0,1,0,0,0,0,1,0,0,0,0,0.0582042848411107,17678690.0,0,3
2,0,0,0,1,0,0,0,1,0,0,0,0,0,0,0,1,0.6326157273614814,182924930.0,0,3
1,0,0,0,1,0,0,1,0,0,0,0,1,0,0,0,0,0.0172009193205826,30087645.0,0,3
2,0,1,0,0,0,0,1,0,0,0,0,0,0,0,0,1,0.0972308740714266,3513202101.5,3,0
1,0,0,1,0,0,1,0,0,0,0,0,0,0,0,0,1,0.0972308740714266,4035880000.0,3,4
1,0,0,0,1,0,0,1,0,0,0,0,0,0,1,0,0,-0.0608725307502705,136702255.0,0,3
2,0,1,0,0,0,0,0,1,0,0,0,0,0,0,0,1,-0.0657928651979323,-1191346272.0,0,3
1,1,0,0,0,0,0,0,1,0,0,0,0,0,0,0,1,0.0972308740714266,1589151875.0,0,0
1,0,0,0,1,0,0,1,0,0,0,0,0,0,0,0,1,0.2047017497947299,80947085.0,0,3
1,0,0,0,1,0,1,0,0,0,0,0,0,0,0,1,0,0.2303554891669416,155999420.0,0,3
1,1,0,0,0,0,1,0,0,0,0,0,0,0,1,0,0,0.0473299183750517,2154190000.0,0,0
1,0,0,0,1,0,1,0,0,0,0,0,0,0,0,0,1,0.005159328360626,65553085.0,0,3
1,0,0,0,1,0,0,0,0,1,0,1,0,0,0,0,0,0.2159572243415582,13788290.0,0,3
1,0,0,0,1,0,0,0,0,1,0,0,0,0,1,0,0,0.4474166590114195,66636370.0,0,3
2,0,0,0,1,0,0,1,0,0,0,0,1,0,0,0,0,0.1912727909773927,30081100.0,0,3
1,0,0,0,1,0,0,1,0,0,0,0,0,0,1,0,0,0.0499001366154464,-16042460.0,0,3
1,0,0,0,1,0,1,0,0,0,0,0,0,0,1,0,0,0.4018783354344174,373284125.0,0,3
1,0,0,0,1,0,0,1,0,0,0,0,0,0,0,0,1,0.0576736442011857,3858906175.0,3,4
1,0,0,0,1,0,1,0,0,0,0,0,0,0,1,0,0,0.2609346911981413,151308350.0,0,3
2,0,0,0,1,0,0,0,0,1,0,0,0,0,0,0,1,-0.0495303407622963,12700050.0,0,3
1,0,0,0,1,0,0,1,0,0,0,0,1,0,0,0,0,0.1143999916855793,-471886295.0,0,3
1,0,0,0,1,0,0,1,0,0,0,0,1,0,0,0,0,0.1971178595753416,23786870.0,0,3
1,0,0,0,1,0,0,1,0,0,0,0,1,0,0,0,0,0.2217405112470696,90647460.0,0,3
1,0,0,0,1,0,0,0,0,1,0,0,0,0,1,0,0,-0.0154561321624131,143492040.0,0,3
1,0,0,0,1,0,0,1,0,0,0,0,0,0,1,0,0,0.0632689151805892,62456690.0,0,3
1,0,0,0,1,0,0,0,1,0,0,0,0,0,1,0,0,0.2594748836510256,165036610.0,0,3
1,0,0,0,1,0,0,0,0,0,1,0,1,0,0,0,0,0.2637009999878869,334169725.0,0,3
1,0,0,0,1,0,0,0,0,0,1,1,0,0,0,0,0,-0.0164414026353565,-54628655.0,0,3
1,0,0,0,1,0,0,1,0,0,0,0,0,0,0,0,1,0.0412401524202796,-8785170.0,0,3
1,0,0,0,1,0,0,1,0,0,0,0,0,0,1,0,0,0.6839067438900103,36701520.0,0,3
1,0,0,0,1,0,0,1,0,0,0,0,1,0,0,0,0,0.241655003799392,59033655.0,0,3
1,0,0,0,1,0,0,1,0,0,0,0,0,0,0,0,1,0.0698212005813112,2188178165.0,0,0
1,0,0,0,1,0,0,1,0,0,0,0,0,0,0,0,1,0.0398521389163636,199479380.0,0,3
1,0,0,0,1,0,0,0,1,0,0,0,0,0,0,0,1,-0.5074744157150433,98510615.0,0,3
2,0,0,0,1,0,0,1,0,0,0,0,1,0,0,0,0,0.1245160221364363,39752510.0,0,3
1,0,0,0,1,0,0,1,0,0,0,0,0,1,0,0,0,0.46011666218998,59231050.0,0,3
2,0,0,0,1,0,0,1,0,0,0,1,0,0,0,0,0,0.0333906000206603,17124150.0,0,3
2,0,0,0,1,0,0,1,0,0,0,0,1,0,0,0,0,-0.0479567838623954,7147230.0,0,3
1,0,0,0,1,0,0,1,0,0,0,0,1,0,0,0,0,-0.0441791103158051,54466180.0,0,3
1,0,0,0,1,0,0,1,0,0,0,0,0,0,0,0,1,0.0362312992694083,-115636880.0,0,3
1,0,0,0,1,0,0,1,0,0,0,0,1,0,0,0,0,0.2581550878294438,-81716095.0,0,3
1,0,0,0,1,0,0,1,0,0,0,0,0,0,0,0,1,0.0867712685824735,-898895000.0,0,3
2,0,0,0,1,0,0,0,0,1,0,0,1,0,0,0,0,0.2423427138502126,-1998335.0,0,3
2,0,0,0,1,0,0,1,0,0,0,0,0,0,1,0,0,-0.0181079519137121,114078085.0,0,3
1,0,0,0,1,0,0,0,0,0,1,0,0,0,1,0,0,0.0813109821086559,35833050.0,0,3
1,0,0,0,1,0,0,1,0,0,0,0,0,0,1,0,0,0.1392200985316033,70959110.0,0,3
1,0,0,0,1,0,0,0,0,1,0,0,0,1,0,0,0,0.3881417579344556,302862470.0,0,3
1,0,0,0,1,0,0,1,0,0,0,0,1,0,0,0,0,0.1348756258856435,63780245.0,0,3
2,0,0,0,1,0,0,1,0,0,0,0,1,0,0,0,0,-0.0367594821244033,-203788170.0,0,3
1,0,0,0,1,0,0,1,0,0,0,0,0,0,1,0,0,0.1982063102130999,246816445.0,0,3
1,0,0,0,1,0,0,1,0,0,0,0,0,0,0,0,1,0.1010242034616585,-62074420.0,0,3
1,0,0,0,1,0,1,0,0,0,0,0,1,0,0,0,0,0.4739794857940817,152795875.0,0,3
1,0,0,0,1,0,0,1,0,0,0,0,0,0,1,0,0,-0.0789471286791649,12256805.0,0,3
1,1,0,0,0,0,0,0,0,1,0,0,0,0,1,0,0,0.1277747525783625,804115000.0,0,3
1,0,0,0,1,0,1,0,0,0,0,0,0,0,1,0,0,0.0611195529062114,102658700.0,0,3
1,0,0,0,1,0,0,1,0,0,0,0,0,0,0,0,1,0.30712827958093,36760085.0,0,3
1,0,0,0,1,0,0,1,0,0,0,0,1,0,0,0,0,0.2127642278400893,-933500180.0,0,3
1,0,0,0,1,0,0,1,0,0,0,0,0,0,1,0,0,-0.0190548615800054,-81882885.0,0,3
2,0,1,0,0,0,0,1,0,0,0,0,0,0,0,0,1,0.4396307037334531,-15000000000.0,2,2
1,0,0,0,1,0,0,0,0,1,0,0,0,0,1,0,0,0.0150250584853923,688910575.0,0,3
1,0,0,0,1,0,0,0,1,0,0,0,1,0,0,0,0,0.0668936392233819,24491230.0,0,3
2,0,1,0,0,0,0,1,0,0,0,0,0,0,0,0,1,0.0949322193683965,358347574.5,0,3
1,0,0,0,1,0,0,0,1,0,0,0,0,0,1,0,0,0.0885266657918359,92893345.0,0,3
1,0,0,0,1,0,0,0,0,1,0,0,1,0,0,0,0,0.3626270077450977,380216285.0,0,3
1,1,0,0,0,0,0,1,0,0,0,0,1,0,0,0,0,0.0414475413523031,570496290.0,0,3
1,1,0,0,0,0,1,0,0,0,0,0,0,1,0,0,0,0.1217434056726756,1394614980.0,0,0
2,0,1,0,0,0,0,1,0,0,0,0,0,0,0,0,1,0.1507251204105496,-8642200756.0,2,2
1,0,0,0,1,0,0,1,0,0,0,0,0,0,1,0,0,0.0173007586739745,25980860.0,0,3
2,0,0,0,1,0,0,1,0,0,0,0,0,0,1,0,0,-0.0206672043800325,-32417215.0,0,3
2,0,0,0,1,0,0,0,0,0,1,0,0,0,1,0,0,0.2373519471585705,72923315.0,0,3
1,0,0,0,1,0,1,0,0,0,0,0,1,0,0,0,0,0.0756187619522707,179591925.0,0,3
1,0,0,0,1,0,1,0,0,0,0,0,0,0,1,0,0,0.0918414156044311,-64795870.0,0,3
1,0,0,0,1,0,0,0,1,0,0,0,0,0,1,0,0,0.1542632472839284,61202565.0,0,3
1,0,0,0,1,0,0,1,0,0,0,0,1,0,0,0,0,-0.661922738857764,-108470510.0,0,3
1,0,0,0,1,0,0,1,0,0,0,0,1,0,0,0,0,0.0429889320871636,-311231910.0,0,3
1,0,0,0,1,0,0,1,0,0,0,0,0,0,0,1,0,-0.0911582757681357,1664400685.0,0,0
2,0,0,0,1,0,0,1,0,0,0,0,1,0,0,0,0,-0.0415984701311417,-32164115.0,0,3
1,0,0,0,1,0,0,1,0,0,0,0,1,0,0,0,0,0.1989571470351899,728780540.0,0,3
1,0,0,0,1,0,0,0,0,1,0,0,1,0,0,0,0,-0.2772221239775124,-1629715000.0,0,3
1,0,0,0,1,0,0,1,0,0,0,0,0,0,0,1,0,-0.0617457224489829,468452055.0,0,3
1,0,0,0,1,0,0,1,0,0,0,0,1,0,0,0,0,0.5822874757613415,31519465.0,0,3
1,0,0,0,0,1,0,1,0,0,0,0,0,0,0,0,1,0.3236034794928802,47441265.0,0,3
2,0,0,0,1,0,0,0,0,0,1,0,0,0,1,0,0,0.0661963003047497,-1963615.0,0,3
2,0,0,0,1,0,0,1,0,0,0,0,1,0,0,0,0,0.0054493460004113,6674380.0,0,3
1,0,0,0,1,0,0,1,0,0,0,0,0,0,0,0,1,0.1152714017409924,-74304890.0,0,3
1,0,0,0,1,0,0,1,0,0,0,0,0,0,0,1,0,-0.1296813977681514,3084428155.0,3,0
1,0,0,0,1,0,0,0,0,1,0,0,0,0,1,0,0,0.0328063468184693,108261485.0,0,3
2,0,0,0,1,0,1,0,0,0,0,0,0,0,1,0,0,0.0331939768374562,-28924130.0,0,3
1,0,0,0,1,0,0,1,0,0,0,0,0,0,1,0,0,-0.0828343768654999,-32314470.0,0,3
1,0,0,0,1,0,0,1,0,0,0,0,0,0,0,1,0,0.2492020707942044,613477725.0,0,3
1,0,0,0,1,0,0,1,0,0,0,0,0,0,0,0,1,-0.0564992017876983,-94555915.0,0,3
1,0,0,0,1,0,0,0,0,1,0,0,1,0,0,0,0,0.0773804632651969,63386035.0,0,3
2,0,0,0,1,0,0,1,0,0,0,0,0,0,1,0,0,0.1365950913133853,6729615.0,0,3
1,0,0,0,1,0,0,1,0,0,0,0,0,0,0,0,1,0.207531823488499,15000000000.0,1,1
1,0,0,0,1,0,0,1,0,0,0,0,0,0,0,0,1,-0.1696266845571883,-530929665.0,0,3
1,0,0,0,1,0,0,1,0,0,0,0,1,0,0,0,0,0.037881435466501,-8348705.0,0,3
1,0,0,0,1,0,0,1,0,0,0,0,1,0,0,0,0,-0.0073991228725216,-96282845.0,0,3
1,0,0,0,1,0,0,1,0,0,0,0,0,1,0,0,0,0.1579810442970698,1267591820.0,0,0
1,0,0,0,1,0,0,1,0,0,0,0,1,0,0,0,0,0.4850348115137955,54448280.0,0,3
2,0,0,0,1,0,0,1,0,0,0,0,0,0,0,1,0,0.088565790317387,202933505.0,0,3
2,0,1,0,0,0,0,0,0,0,1,0,0,0,0,0,1,0.493649929576286,1452328427.0,0,0
1,0,0,0,1,0,0,0,1,0,0,0,0,0,0,1,0,0.4794252995033192,616355420.0,0,3
2,0,0,0,1,0,1,0,0,0,0,0,1,0,0,0,0,0.2593165640737924,-10755380.0,0,3
1,1,0,0,0,0,0,1,0,0,0,0,1,0,0,0,0,0.0923200673769531,1760419380.0,0,0
2,0,1,0,0,0,0,0,1,0,0,0,0,0,0,0,1,0.90684573663969,243659109.5,0,3
2,0,0,0,1,0,1,0,0,0,0,0,1,0,0,0,0,0.3019901438124758,73193195.0,0,3
2,0,0,0,1,0,0,1,0,0,0,0,0,1,0,0,0,0.1806160070029052,705913330.0,0,3
1,0,1,0,0,0,0,1,0,0,0,0,0,0,0,0,1,0.1971924342687569,1586743993.5,0,0
1,0,0,0,1,0,0,0,1,0,0,0,0,0,1,0,0,0.0061847637254473,-165675315.0,0,3
1,0,0,0,1,0,0,1,0,0,0,0,0,0,0,0,1,0.313957852472447,1353088985.0,0,0
1,0,0,0,1,0,0,1,0,0,0,0,0,0,1,0,0,0.1358325356592783,27618795.0,0,3
1,0,0,0,1,0,0,1,0,0,0,0,1,0,0,0,0,0.0603902987294539,167930470.0,0,3
1,0,0,0,1,0,0,1,0,0,0,0,1,0,0,0,0,-0.2416048403676144,78497340.0,0,3
1,0,0,0,1,0,0,0,1,0,0,0,0,0,1,0,0,0.1482615088464114,139716005.0,0,3
1,0,0,0,1,0,1,0,0,0,0,0,1,0,0,0,0,0.1094213308478445,6756305.0,0,3
1,0,0,0,1,0,1,0,0,0,0,0,0,0,1,0,0,0.0118071574287098,360173750.0,0,3
2,0,0,0,1,0,0,0,0,0,1,0,1,0,0,0,0,0.2552235394548675,20937945.0,0,3
1,0,0,0,1,0,0,1,0,0,0,0,0,0,0,1,0,0.0457478240181994,10186491100.0,1,1
2,0,0,0,1,0,0,1,0,0,0,0,0,0,0,0,1,-0.1344279423907979,4505345.0,0,3
1,0,0,0,1,0,0,1,0,0,0,0,0,0,0,1,0,0.072169368159322,302278980.0,0,3
2,0,0,0,1,0,0,0,1,0,0,0,0,1,0,0,0,0.2108813612378506,42950830.0,0,3
2,0,0,0,1,0,0,1,0,0,0,0,1,0,0,0,0,0.3758150829862621,362039745.0,0,3
1,0,0,0,1,0,0,1,0,0,0,0,0,0,1,0,0,-0.1083281935137151,131648675.0,0,3
2,0,0,0,1,0,1,0,0,0,0,0,0,0,1,0,0,-0.0275481663484844,210538215.0,0,3
2,0,0,0,1,0,0,0,0,0,1,1,0,0,0,0,0,0.0192514327076721,-16538415.0,0,3
1,0,0,0,1,0,0,0,1,0,0,0,1,0,0,0,0,-0.1250383469114122,11153730.0,0,3
2,0,0,0,1,0,0,1,0,0,0,0,0,0,0,0,1,0.1521091466063584,34647420.0,0,3
1,0,0,0,1,0,1,0,0,0,0,0,0,0,1,0,0,-0.1140010663644133,703879685.0,0,3
2,0,0,0,1,0,0,1,0,0,0,0,0,0,0,0,1,0.0003707873581522,428906055.0,0,3
1,0,0,0,1,0,0,1,0,0,0,0,0,0,0,0,1,0.1373721160180525,1228587990.0,0,0
1,0,0,0,1,0,0,1,0,0,0,0,0,0,0,0,1,0.085521988975591,10197131135.0,1,1
1,0,0,0,1,0,0,1,0,0,0,0,0,1,0,0,0,0.4347411748590861,83916745.0,0,3
1,0,0,0,1,0,0,0,1,0,0,0,0,0,1,0,0,0.1066450335329599,-25905845.0,0,3
2,0,0,0,1,0,0,1,0,0,0,0,0,0,1,0,0,0.7532070867645817,49845000.0,0,3
1,0,0,0,1,0,1,0,0,0,0,0,0,0,1,0,0,0.0521876209894215,637730710.0,0,3
1,0,0,0,1,0,0,1,0,0,0,0,1,0,0,0,0,0.001724363466896,147373780.0,0,3
1,0,0,0,1,0,0,1,0,0,0,0,0,0,0,0,1,-0.0233358962765766,330680895.0,0,3
2,0,0,0,1,0,0,1,0,0,0,0,0,0,0,0,1,0.1046448508944874,19469695.0,0,3
1,0,0,0,1,0,0,1,0,0,0,0,0,0,1,0,0,0.1090157816652688,31500415.0,0,3
2,0,0,0,1,0,0,1,0,0,0,0,0,0,1,0,0,0.0829271569278171,103442975.0,0,3
1,0,0,0,1,0,0,1,0,0,0,0,0,0,0,1,0,0.0729811011178834,97547015.0,0,3
1,0,0,0,1,0,0,1,0,0,0,0,0,0,1,0,0,-0.0631550391472067,47631055.0,0,3
2,0,0,0,1,0,0,1,0,0,0,1,0,0,0,0,0,0.1288317670841824,23603290.0,0,3
2,0,0,0,1,0,1,0,0,0,0,0,1,0,0,0,0,0.3144957695052072,83293285.0,0,3
1,0,0,0,1,0,0,0,0,1,0,0,0,0,1,0,0,0.1085703538199378,196874270.0,0,3
2,0,0,0,1,0,0,1,0,0,0,0,0,0,0,1,0,0.3406010036442925,369753190.0,0,3
1,0,0,0,1,0,0,1,0,0,0,0,1,0,0,0,0,0.2279158073893845,16537740.0,0,3
1,0,0,0,1,0,0,1,0,0,0,0,0,0,0,0,1,0.1382036203027615,100551690.0,0,3
2,0,0,0,1,0,1,0,0,0,0,0,1,0,0,0,0,-0.0180378795040576,378223920.0,0,3
1,0,0,0,1,0,0,1,0,0,0,0,0,0,0,0,1,0.6185107707026574,191773450.0,0,3
2,0,0,0,1,0,0,1,0,0,0,0,0,0,1,0,0,0.1207850991231875,156108415.0,0,3
1,1,0,0,0,0,0,0,0,1,0,0,0,0,1,0,0,-0.0571200211518729,-631423105.0,0,3
1,0,0,0,1,0,0,1,0,0,0,0,1,0,0,0,0,-0.0139092849023103,17380195.0,0,3
1,0,0,0,1,0,0,0,1,0,0,0,0,0,1,0,0,0.4373020951146,104302660.0,0,3
1,0,0,0,1,0,0,0,0,1,0,0,1,0,0,0,0,0.2473726192231266,62533415.0,0,3
1,0,0,0,1,0,0,0,1,0,0,0,0,0,0,0,1,0.0341334473218889,-844646680.0,0,3
1,0,0,0,1,0,1,0,0,0,0,0,0,1,0,0,0,-0.0974291566796457,547423895.0,0,3
2,0,0,0,1,0,0,0,1,0,0,0,1,0,0,0,0,0.06274700333647,7878300.0,0,3
1,1,0,0,0,0,0,1,0,0,0,0,0,0,0,0,1,0.0035369555525409,-1644456275.0,0,3
2,0,0,0,1,0,0,1,0,0,0,0,0,0,0,1,0,0.2749658275956116,-26395710.0,0,3
1,0,0,0,1,0,0,1,0,0,0,0,0,1,0,0,0,-0.0493536075891639,-164989590.0,0,3
2,0,1,0,0,0,0,0,0,1,0,0,0,0,0,0,1,-0.8458362439833844,-15000000000.0,2,2
1,0,0,0,1,0,1,0,0,0,0,0,0,0,1,0,0,0.0478720599786554,33562510.0,0,3
1,0,0,0,1,0,0,1,0,0,0,0,0,1,0,0,0,0.3714418217601096,-376123785.0,0,3
2,0,1,0,0,0,0,0,0,1,0,0,0,0,0,0,1,-0.8826937286171423,-817775410.0,0,3
2,0,1,0,0,0,0,1,0,0,0,0,0,0,0,0,1,-0.9180787674801693,6823453948.5,3,4
1,0,0,0,1,0,0,0,0,1,0,0,0,0,1,0,0,-0.1320737960350445,281770180.0,0,3
1,0,0,0,1,0,0,1,0,0,0,0,1,0,0,0,0,0.1229021086627372,3376764420.0,3,0
1,0,0,0,1,0,0,0,1,0,0,0,0,0,1,0,0,0.3154422730557256,-2474490.0,0,3
1,0,0,0,1,0,0,1,0,0,0,0,1,0,0,0,0,-0.1427236993327496,-90849370.0,0,3
1,0,0,0,1,0,0,0,1,0,0,0,0,0,1,0,0,0.1625522467930547,-669516105.0,0,3
2,0,0,0,1,0,0,1,0,0,0,0,1,0,0,0,0,-0.129678389611256,64436490.0,0,3
1,0,0,0,1,0,1,0,0,0,0,0,0,1,0,0,0,-0.0957244016848543,214977345.0,0,3
1,0,0,0,1,0,0,1,0,0,0,0,0,0,1,0,0,0.0420440827318417,156004855.0,0,3
1,0,0,0,1,0,0,0,0,1,0,0,0,0,1,0,0,-0.0383025842613258,-49581400.0,0,3
1,0,0,0,1,0,0,1,0,0,0,0,0,0,0,0,1,0.0353641201263678,739188285.0,0,3
2,0,0,0,1,0,0,1,0,0,0,0,1,0,0,0,0,0.529941030209514,12995350.0,0,3
1,0,0,0,1,0,0,1,0,0,0,0,0,0,0,0,1,0.1044875396448612,173298090.0,0,3
1,0,0,0,1,0,0,1,0,0,0,0,1,0,0,0,0,0.0920781917871925,-19743620.0,0,3
1,0,0,0,1,0,1,0,0,0,0,0,1,0,0,0,0,0.2807145416071563,48992065.0,0,3
1,0,0,0,1,0,1,0,0,0,0,0,1,0,0,0,0,0.105769693275951,-48892270.0,0,3
2,0,0,0,1,0,0,0,0,0,1,1,0,0,0,0,0,-0.4218781402470889,-203066260.0,0,3
1,0,0,0,1,0,0,1,0,0,0,0,0,0,0,0,1,-0.2321671812538699,15000000000.0,1,1
1,1,0,0,0,0,0,1,0,0,0,0,0,0,1,0,0,0.0583441690042553,833932640.0,0,3
1,0,0,0,1,0,1,0,0,0,0,0,0,0,1,0,0,0.0502265834570461,61442360.0,0,3
1,0,0,0,1,0,0,1,0,0,0,0,0,0,0,1,0,0.046106170794401,386663090.0,0,3
1,0,0,0,1,0,0,1,0,0,0,0,0,0,1,0,0,-0.0259850926757411,193177000.0,0,3
1,0,0,0,1,0,0,0,0,1,0,0,0,0,0,0,1,0.1320337854225982,254716250.0,0,3
1,0,0,0,1,0,0,1,0,0,0,0,0,0,1,0,0,-0.0371845233472515,-120836420.0,0,3
1,0,0,0,1,0,1,0,0,0,0,0,0,0,1,0,0,0.1014440563838752,534238930.0,0,3
1,0,0,0,1,0,0,0,1,0,0,0,0,1,0,0,0,0.0203114090711941,639518985.0,0,3
1,0,0,0,1,0,0,1,0,0,0,0,1,0,0,0,0,0.0815197819754371,40521775.0,0,3
1,0,0,0,1,0,0,0,1,0,0,0,0,0,1,0,0,0.1125653668054659,103022550.0,0,3
1,0,0,0,1,0,0,1,0,0,0,0,1,0,0,0,0,0.1391920833377199,25534425.0,0,3
1,0,0,0,1,0,0,1,0,0,0,0,0,0,1,0,0,0.0696011919253178,3064920.0,0,3
1,0,0,0,1,0,0,0,1,0,0,0,0,0,0,0,1,-0.018907231942052,1670359100.0,0,0
1,0,0,0,1,0,1,0,0,0,0,0,0,0,1,0,0,-0.0255288033621819,-23697630.0,0,3
2,0,0,0,1,0,1,0,0,0,0,0,0,1,0,0,0,-0.1559758342520701,150951600.0,0,3
2,0,0,0,1,0,1,0,0,0,0,0,0,0,1,0,0,0.1030167658880487,6444975.0,0,3
2,0,0,0,1,0,0,1,0,0,0,0,0,0,0,0,1,0.9450177962548234,993839275.0,0,0
1,0,0,0,1,0,0,0,0,1,0,0,1,0,0,0,0,0.213232525185129,32529830.0,0,3
1,0,0,0,1,0,1,0,0,0,0,0,0,1,0,0,0,0.4936186875267534,296799480.0,0,3
1,0,0,0,1,0,0,0,0,1,0,0,0,0,0,0,1,0.0113671142979184,-52488225.0,0,3
1,0,0,0,1,0,0,1,0,0,0,0,1,0,0,0,0,0.1129049565088417,3686205.0,0,3
1,0,0,0,1,0,0,0,0,1,0,0,0,0,1,0,0,0.2648554084539344,103313970.0,0,3
1,0,0,0,1,0,0,1,0,0,0,0,0,0,1,0,0,0.1455301800321859,91240575.0,0,3
1,0,0,0,1,0,0,1,0,0,0,0,1,0,0,0,0,0.0488280454494529,-46300225.0,0,3
1,0,0,0,1,0,0,1,0,0,0,0,0,0,1,0,0,0.0781777131003983,-56028060.0,0,3
1,0,0,0,1,0,0,1,0,0,0,0,1,0,0,0,0,0.1125311073822274,-82741425.0,0,3
2,0,0,0,1,0,0,0,1,0,0,0,0,0,1,0,0,0.0342005806457842,18886680.0,0,3
1,0,0,0,1,0,0,1,0,0,0,0,1,0,0,0,0,0.1204961913316343,4946685.0,0,3
1,0,0,0,1,0,0,1,0,0,0,0,0,1,0,0,0,0.0847417616988539,33235515.0,0,3
1,0,0,0,1,0,0,1,0,0,0,0,0,0,0,0,1,0.0689100796570654,5334505520.0,3,4
2,0,0,0,1,0,0,0,0,0,1,0,1,0,0,0,0,0.2964313745362227,48148905.0,0,3
1,1,0,0,0,0,1,0,0,0,0,0,0,0,1,0,0,0.0680655754379082,29905000.0,0,3
1,0,0,0,1,0,0,0,1,0,0,0,0,0,1,0,0,0.0768599632182678,-3884345.0,0,3
1,0,0,0,1,0,0,1,0,0,0,0,1,0,0,0,0,0.339505750338386,31567040.0,0,3
2,0,0,0,1,0,0,1,0,0,0,0,0,1,0,0,0,-0.0397570956930842,175760140.0,0,3
2,0,0,0,1,0,0,0,0,1,0,1,0,0,0,0,0,0.056068051375157,79385460.0,0,3
1,0,0,0,1,0,0,1,0,0,0,0,0,0,0,0,1,0.133204730271353,205744390.0,0,3
2,0,0,0,1,0,0,1,0,0,0,0,1,0,0,0,0,0.2796754933551035,51566760.0,0,3
1,0,0,0,1,0,0,1,0,0,0,0,1,0,0,0,0,0.2864686616336589,111897595.0,0,3
1,0,0,0,1,0,0,0,0,0,1,0,0,0,1,0,0,0.0118242795063611,118954215.0,0,3
2,0,0,0,1,0,0,0,0,1,0,0,1,0,0,0,0,0.2306348796457747,42577635.0,0,3
2,0,0,0,1,0,0,1,0,0,0,1,0,0,0,0,0,0.1931908394332835,119214290.0,0,3
2,0,0,0,1,0,1,0,0,0,0,0,1,0,0,0,0,-0.2130523702429641,56366135.0,0,3
1,0,0,0,1,0,1,0,0,0,0,0,1,0,0,0,0,0.1687918770579005,472619050.0,0,3
1,0,0,0,1,0,0,0,0,1,0,0,0,0,1,0,0,0.1376494433204337,147768960.0,0,3
1,1,0,0,0,0,0,0,0,1,0,0,0,1,0,0,0,0.0139913576932697,898157800.0,0,3
2,0,0,0,1,0,0,1,0,0,0,0,0,1,0,0,0,0.3950676634182185,108384030.0,0,3
1,0,0,0,1,0,0,0,0,0,1,0,1,0,0,0,0,0.1042438777753128,44919495.0,0,3
1,0,0,0,1,0,0,1,0,0,0,0,0,0,1,0,0,-0.0222118875154528,-227968180.0,0,3
1,0,0,0,1,0,0,1,0,0,0,0,0,0,0,1,0,0.0506562607312314,1794754115.0,0,0
1,0,0,0,1,0,0,1,0,0,0,0,0,0,1,0,0,0.0219159506560059,40605795.0,0,3
1,0,0,0,1,0,0,1,0,0,0,0,0,0,0,0,1,0.1253089655733667,387619980.0,0,3
1,0,0,0,1,0,0,1,0,0,0,0,0,0,0,0,1,0.3299165263826441,42439965.0,0,3
1,0,0,0,1,0,0,0,0,1,0,0,0,0,1,0,0,0.0785991457530976,5408148370.0,3,4
2,0,0,0,1,0,0,1,0,0,0,0,0,1,0,0,0,0.3031205485793575,638989405.0,0,3
2,0,0,0,1,0,0,1,0,0,0,0,0,0,1,0,0,0.0324712348189183,93109805.0,0,3
2,0,0,0,1,0,0,1,0,0,0,0,1,0,0,0,0,0.1846288068616748,29034080.0,0,3
1,0,0,1,0,0,0,0,0,0,1,0,0,0,0,0,1,-0.0659600652234428,671397945.0,0,3
1,0,0,0,1,0,1,0,0,0,0,0,0,0,1,0,0,0.05686878847454,243723960.0,0,3
1,0,0,0,1,0,0,1,0,0,0,0,0,0,0,0,1,0.2689660203366909,35242405.0,0,3
1,0,0,0,1,0,0,0,0,1,0,0,0,0,1,0,0,-0.0756395014042407,1193337315.0,0,0
1,0,0,0,1,0,1,0,0,0,0,0,0,0,0,0,1,0.0355918641139333,971572240.0,0,0
1,0,0,0,0,1,0,0,0,1,0,0,0,0,0,0,1,0.4500158041045654,180251589.5,0,3
2,0,0,0,1,0,0,0,0,0,1,0,0,0,1,0,0,0.4615188476648786,165295665.0,0,3
1,0,0,0,1,0,0,1,0,0,0,0,0,0,1,0,0,0.0723780564335629,206690005.0,0,3
1,0,0,0,1,0,0,1,0,0,0,0,0,0,0,1,0,0.3648586023876441,-1775743270.0,0,3
1,0,0,0,1,0,0,0,0,0,1,0,0,0,1,0,0,0.0380082718995092,176733800.0,0,3
1,0,0,0,1,0,0,1,0,0,0,0,0,0,0,1,0,0.1893933931221057,4983187585.0,3,4
1,0,0,0,1,0,0,1,0,0,0,0,0,0,1,0,0,0.0604768800038843,119877390.0,0,3
1,0,0,0,1,0,0,0,0,0,1,0,1,0,0,0,0,0.1147132839012096,-327722915.0,0,3
2,0,0,0,1,0,0,1,0,0,0,0,0,0,0,0,1,-0.0166380434387215,-392986900.0,0,3
2,0,0,0,1,0,0,1,0,0,0,0,0,0,0,0,1,-0.0141327246758209,46764175.0,0,3
1,0,0,0,1,0,1,0,0,0,0,0,0,0,0,1,0,0.1570648306840724,833571828.5,0,3
1,1,0,0,0,0,1,0,0,0,0,0,0,1,0,0,0,0.0235282407968956,740369100.0,0,3
1,0,0,0,1,0,0,1,0,0,0,0,0,0,0,1,0,0.241903777024088,-11838055.0,0,3
2,0,0,0,1,0,1,0,0,0,0,0,1,0,0,0,0,-0.0435615597404892,6515145.0,0,3
1,0,0,0,1,0,0,1,0,0,0,0,0,0,0,0,1,0.2193070084128008,28938835.0,0,3
1,0,0,0,1,0,0,1,0,0,0,0,1,0,0,0,0,0.143714817934988,113828965.0,0,3
1,0,0,0,1,0,0,1,0,0,0,0,1,0,0,0,0,0.1600646226614159,6202080.0,0,3
1,0,0,0,1,0,1,0,0,0,0,0,0,0,1,0,0,0.0117022036799565,-29474575.0,0,3
1,0,0,0,1,0,0,0,0,1,0,0,0,0,1,0,0,0.036036287800066,-40998670.0,0,3
1,0,0,0,1,0,0,0,1,0,0,0,0,0,0,1,0,0.0235859719231886,68238615.0,0,3
1,0,0,0,1,0,0,1,0,0,0,0,0,1,0,0,0,0.1181780868730726,15511910.0,0,3
2,0,0,0,1,0,0,1,0,0,0,0,0,0,1,0,0,0.048316792702305,12041750.0,0,3
1,0,0,0,1,0,1,0,0,0,0,0,1,0,0,0,0,0.165951185072663,336889155.0,0,3
1,0,0,0,1,0,0,0,0,1,0,0,0,0,1,0,0,0.0011958060685307,431316120.0,0,3
2,0,0,0,1,0,0,0,0,1,0,0,1,0,0,0,0,0.0835827381350464,22323515.0,0,3
1,0,0,0,1,0,0,1,0,0,0,0,1,0,0,0,0,-0.1493741684560393,151170350.0,0,3
2,0,0,0,1,0,0,0,1,0,0,0,0,0,1,0,0,0.3932953504286648,143340755.0,0,3
2,0,0,0,1,0,0,1,0,0,0,0,1,0,0,0,0,0.2613317438148603,35374445.0,0,3
1,0,0,0,1,0,0,0,0,0,1,1,0,0,0,0,0,0.1360696078226774,19887875.0,0,3
1,0,0,0,1,0,0,0,0,1,0,0,0,0,1,0,0,0.0138840785485236,824376530.0,0,3
1,0,0,0,1,0,0,1,0,0,0,0,0,0,1,0,0,-0.0895090746743533,45156000.0,0,3
2,0,0,0,1,0,0,0,0,1,0,0,1,0,0,0,0,0.0209358945154907,34113175.0,0,3
1,0,0,0,1,0,0,1,0,0,0,0,1,0,0,0,0,0.2998593017315766,1298146100.0,0,0
2,0,0,0,1,0,0,0,0,0,1,0,1,0,0,0,0,0.0885299758082433,11716665.0,0,3
2,0,0,0,1,0,0,1,0,0,0,0,1,0,0,0,0,0.0767066745654578,118962790.0,0,3
2,0,0,0,1,0,0,0,0,0,1,0,1,0,0,0,0,0.5146327033026966,48957645.0,0,3
1,0,0,0,1,0,0,0,0,0,1,0,0,0,1,0,0,-0.0026848656239905,7265600.0,0,3
1,0,0,0,1,0,1,0,0,0,0,0,0,0,0,0,1,0.4649941265378074,59838285.0,0,3
2,0,0,0,1,0,0,0,0,1,0,0,1,0,0,0,0,1.2495225128425522,-19883885.0,0,3
1,0,0,0,1,0,0,1,0,0,0,0,0,0,0,0,1,0.1320832629370725,119032565.0,0,3
2,0,0,0,1,0,0,1,0,0,0,0,1,0,0,0,0,0.2684459808178348,17255470.0,0,3
1,0,0,1,0,0,0,0,1,0,0,0,0,0,0,0,1,0.0345928319719509,1218806125.0,0,0
1,0,0,0,1,0,0,1,0,0,0,1,0,0,0,0,0,0.9384814047478196,73734050.0,0,3
1,1,0,0,0,0,1,0,0,0,0,0,0,0,1,0,0,-0.0037502041568427,-268640000.0,0,3
1,0,0,0,1,0,0,1,0,0,0,0,0,0,0,0,1,0.0704042424270263,5267298940.0,3,4
1,0,0,0,1,0,0,1,0,0,0,0,0,0,1,0,0,0.2266247633300553,-61203990.0,0,3
1,0,0,0,1,0,1,0,0,0,0,0,1,0,0,0,0,0.0872333622190905,-67645495.0,0,3
2,0,0,0,1,0,0,1,0,0,0,0,1,0,0,0,0,-0.0722391015218861,72853120.0,0,3
2,0,1,0,0,0,0,1,0,0,0,0,0,0,0,0,1,0.2419601283405579,-12279378883.5,2,2
1,0,0,0,1,0,0,1,0,0,0,0,0,0,0,0,1,0.0745386371958694,3346131375.0,3,0
1,0,0,0,1,0,0,1,0,0,0,0,1,0,0,0,0,0.2365688393465117,-70253455.0,0,3
1,0,0,0,1,0,1,0,0,0,0,0,0,0,1,0,0,0.1709145725668854,57119345.0,0,3
1,0,0,0,1,0,0,0,1,0,0,0,0,0,1,0,0,0.222074158217631,164244660.0,0,3
1,0,0,0,1,0,1,0,0,0,0,0,0,0,1,0,0,0.1000940699791608,134404730.0,0,3
1,0,0,0,1,0,0,1,0,0,0,0,0,0,1,0,0,0.065273825609086,18084225.0,0,3
1,0,0,0,1,0,0,1,0,0,0,0,0,0,1,0,0,0.3062153861162635,18749390.0,0,3
1,0,0,0,1,0,1,0,0,0,0,0,0,0,1,0,0,-0.006912677185813,1211238200.0,0,0
1,0,0,0,1,0,0,0,0,1,0,0,0,0,1,0,0,0.0448643105489514,-47134755.0,0,3
1,0,0,0,1,0,0,1,0,0,0,0,1,0,0,0,0,0.5394844835427116,110653655.0,0,3
1,0,0,0,1,0,0,1,0,0,0,0,1,0,0,0,0,-0.0582611062995262,-8503840.0,0,3
1,0,0,0,1,0,0,0,1,0,0,0,0,0,0,1,0,0.0957862247368653,1073499310.0,0,0
1,0,0,0,1,0,0,1,0,0,0,0,0,0,0,0,1,0.6166973392860162,-397421740.0,0,3
1,0,0,0,1,0,0,1,0,0,0,0,0,0,0,1,0,0.121473477520215,1724985000.0,0,0
1,0,0,0,1,0,0,1,0,0,0,0,0,0,1,0,0,0.0216141639192137,1171030000.0,0,0
1,0,0,0,1,0,0,0,1,0,0,0,0,0,1,0,0,0.0993721943671669,7691850.0,0,3
2,0,0,0,1,0,0,1,0,0,0,0,0,0,0,0,1,0.0458210927207181,26543345.0,0,3
1,0,0,0,1,0,0,1,0,0,0,0,1,0,0,0,0,-0.1635425419031433,214705625.0,0,3
2,0,0,0,1,0,0,0,0,1,0,0,1,0,0,0,0,0.4174014417973635,42131765.0,0,3
1,0,0,0,1,0,0,1,0,0,0,0,0,0,1,0,0,0.0378857581034607,-62140380.0,0,3
2,0,0,0,1,0,0,1,0,0,0,1,0,0,0,0,0,0.0950641748648676,16185250.0,0,3
2,0,0,0,1,0,0,0,1,0,0,0,1,0,0,0,0,0.0894588123584229,6504915.0,0,3
1,0,0,0,1,0,0,1,0,0,0,0,0,0,0,0,1,0.054238061063392,-195668915.0,0,3
1,0,0,0,1,0,0,1,0,0,0,0,0,0,1,0,0,0.1983827706877411,34109220.0,0,3
1,0,0,0,1,0,0,0,0,0,1,0,0,0,1,0,0,0.026661638895623,19669255.0,0,3
2,0,0,0,1,0,0,1,0,0,0,0,0,0,1,0,0,0.0402869060958159,6523960.0,0,3
1,0,0,0,1,0,0,1,0,0,0,0,0,0,1,0,0,0.1012808972302792,174181420.0,0,3
2,0,0,0,1,0,0,1,0,0,0,0,0,1,0,0,0,0.1519033983579755,644173775.0,0,3
2,0,0,0,1,0,0,0,0,1,0,0,0,0,0,0,1,0.0841214707967168,18973290.0,0,3
1,0,0,0,1,0,0,0,1,0,0,0,0,0,1,0,0,0.2261136814302066,333606260.0,0,3
1,0,0,0,1,0,0,0,1,0,0,0,1,0,0,0,0,0.043640985190135,12283710.0,0,3
1,0,0,0,1,0,0,1,0,0,0,0,0,0,1,0,0,0.1586934328778957,330413650.0,0,3
1,0,0,0,1,0,0,1,0,0,0,0,0,0,0,1,0,-0.1390986331158926,-142085790.0,0,3
1,0,0,0,1,0,1,0,0,0,0,0,0,0,1,0,0,-0.0031554682019244,1246114525.0,0,0
1,0,0,0,1,0,0,0,1,0,0,0,0,0,1,0,0,0.3511927164418097,583143180.0,0,3
1,0,0,0,1,0,0,1,0,0,0,0,0,0,0,0,1,0.1073758176329222,3206837155.0,3,0
1,1,0,0,0,0,0,1,0,0,0,0,0,0,0,0,1,0.1851527971742391,246580705.0,0,3
2,0,0,0,1,0,0,1,0,0,0,0,0,1,0,0,0,0.0974919248660974,591015335.0,0,3
1,0,0,0,1,0,1,0,0,0,0,0,1,0,0,0,0,0.044434057939732,27997950.0,0,3
2,0,0,0,1,0,0,1,0,0,0,0,0,0,1,0,0,0.250211642261486,30652795.0,0,3
1,0,0,0,1,0,0,0,1,0,0,0,0,0,1,0,0,-0.1528444346425254,66110850.0,0,3
1,1,0,0,0,0,0,1,0,0,0,0,1,0,0,0,0,0.0972308740714266,15000000000.0,1,1
1,0,0,0,1,0,0,1,0,0,0,0,0,1,0,0,0,0.2048013401887174,899409055.0,0,3
1,0,0,0,1,0,0,1,0,0,0,0,0,0,0,0,1,0.0762505379171667,79538960.0,0,3
1,0,0,0,1,0,0,1,0,0,0,0,0,0,1,0,0,0.2029139863198381,29204650.0,0,3
1,0,0,0,1,0,0,1,0,0,0,0,0,0,0,0,1,0.1975005574209877,30507560.0,0,3
2,0,0,0,1,0,0,0,0,0,1,0,1,0,0,0,0,0.281181554354812,45754310.0,0,3
1,0,0,0,1,0,0,1,0,0,0,0,1,0,0,0,0,-0.0710010591974214,43731495.0,0,3
1,0,0,0,1,0,0,1,0,0,0,0,0,0,1,0,0,0.0950434088115632,55207135.0,0,3
1,0,0,0,1,0,0,1,0,0,0,0,1,0,0,0,0,-0.0899869063635587,69128010.0,0,3
1,0,0,0,1,0,0,1,0,0,0,0,0,0,1,0,0,0.125301476014315,174733730.0,0,3
2,0,0,0,1,0,0,0,1,0,0,0,0,0,0,0,1,0.0212120175882309,106625805.0,0,3
2,0,0,0,1,0,1,0,0,0,0,0,1,0,0,0,0,0.1208909792026968,46516035.0,0,3
1,0,0,0,1,0,0,1,0,0,0,0,0,0,1,0,0,-0.0265538027864513,26348205.0,0,3
1,0,0,0,1,0,0,1,0,0,0,0,0,0,1,0,0,0.4389305433805634,101365285.0,0,3
1,0,0,1,0,0,1,0,0,0,0,0,0,0,0,0,1,0.0972308740714266,15000000000.0,1,1
1,0,0,0,1,0,1,0,0,0,0,0,0,0,1,0,0,0.0375055992805863,183066645.0,0,3
2,0,0,0,1,0,0,1,0,0,0,0,1,0,0,0,0,0.4273987842825619,98601990.0,0,3
1,0,0,0,1,0,0,0,0,0,1,0,0,0,1,0,0,0.2417645614710446,136120855.0,0,3
1,0,0,0,1,0,0,1,0,0,0,0,0,0,0,0,1,0.724771645657723,276875350.0,0,3
1,0,0,0,1,0,0,1,0,0,0,0,0,0,0,1,0,1.3090141493448653,10340122905.0,1,1
1,0,0,0,1,0,0,1,0,0,0,1,0,0,0,0,0,0.0580292462264406,128426200.0,0,3
1,0,0,0,1,0,0,0,0,1,0,0,0,0,1,0,0,-0.1048684263122082,81609655.0,0,3
1,0,0,0,1,0,0,1,0,0,0,0,0,0,0,0,1,0.1199932426434344,4695191510.0,3,4
2,0,0,0,1,0,0,1,0,0,0,0,0,0,1,0,0,-0.1353792002848327,91190085.0,0,3
1,0,0,0,1,0,0,0,0,1,0,0,0,0,1,0,0,0.7400962740853689,-278846770.0,0,3
1,0,0,1,0,0,0,1,0,0,0,0,0,0,0,0,1,0.0245440801998784,9536968665.0,1,1
1,0,0,0,1,0,0,0,1,0,0,0,1,0,0,0,0,0.5524875318196855,48715560.0,0,3
2,0,0,0,1,0,0,0,1,0,0,0,1,0,0,0,0,-0.1231723970910593,47727345.0,0,3
1,0,0,0,1,0,0,0,1,0,0,0,1,0,0,0,0,0.2078684303045782,115855345.0,0,3
1,0,0,0,1,0,0,1,0,0,0,0,1,0,0,0,0,0.18747218533847,29584115.0,0,3
2,0,0,0,1,0,0,1,0,0,0,0,1,0,0,0,0,-0.3267876289967503,16697955.0,0,3
1,0,0,0,1,0,0,1,0,0,0,0,1,0,0,0,0,-0.3900737692719309,3912325.0,0,3
1,0,0,0,1,0,0,1,0,0,0,0,0,0,1,0,0,0.1111363982043589,321798055.0,0,3
1,0,0,0,1,0,0,0,0,0,1,0,0,0,1,0,0,0.2285141084942785,41845930.0,0,3
2,0,0,0,1,0,0,1,0,0,0,0,1,0,0,0,0,0.1558202134584638,18602535.0,0,3
1,0,0,0,1,0,1,0,0,0,0,0,0,0,1,0,0,0.0755263362733477,7625755.0,0,3
2,0,0,0,1,0,0,1,0,0,0,0,0,1,0,0,0,0.8248912921958187,67064580.0,0,3
2,0,0,0,1,0,0,1,0,0,0,0,1,0,0,0,0,0.4301834167041604,99325380.0,0,3
1,0,0,0,1,0,0,0,0,1,0,0,1,0,0,0,0,0.0461711802556345,13699650.0,0,3
1,0,0,0,1,0,0,0,0,1,0,0,1,0,0,0,0,0.0893336365806691,73543705.0,0,3
2,0,0,0,1,0,0,0,0,1,0,0,0,0,1,0,0,-0.0159279168631,144943420.0,0,3
1,1,0,0,0,0,1,0,0,0,0,0,0,0,0,0,1,0.1698755072547627,122003145.0,0,3
1,0,0,0,1,0,1,0,0,0,0,0,0,0,1,0,0,0.073833232051423,1051223860.0,0,0
1,0,0,0,1,0,0,1,0,0,0,0,1,0,0,0,0,0.0820404072729293,-34277370.0,0,3
1,0,0,0,1,0,1,0,0,0,0,0,1,0,0,0,0,-0.1529762562546858,29705500.0,0,3
1,0,0,0,1,0,0,0,0,1,0,0,0,0,1,0,0,0.0283768844077711,-57089620.0,0,3
1,0,0,0,1,0,1,0,0,0,0,0,1,0,0,0,0,0.4244651846497427,23863350.0,0,3
1,0,0,0,1,0,0,1,0,0,0,0,1,0,0,0,0,0.1827189904087807,-6988565.0,0,3
2,0,0,0,1,0,0,1,0,0,0,0,0,0,0,0,1,0.0862361058932716,169138055.0,0,3
1,0,0,0,1,0,0,1,0,0,0,0,0,0,0,1,0,0.0252577050413682,773441685.0,0,3
1,0,0,0,1,0,0,1,0,0,0,0,1,0,0,0,0,0.4960276617362842,-1898695355.0,0,3
1,0,0,0,1,0,0,1,0,0,0,0,0,0,0,0,1,0.0461634155544863,-35879110.0,0,3
1,0,0,0,1,0,0,1,0,0,0,0,1,0,0,0,0,0.0686847820083611,-17039410.0,0,3
1,0,0,0,1,0,0,0,0,1,0,0,0,0,1,0,0,0.1603714407377737,45498550.0,0,3
1,0,0,0,1,0,0,1,0,0,0,0,0,0,0,1,0,-0.2259054445487912,-282242635.0,0,3
1,0,0,0,1,0,1,0,0,0,0,0,1,0,0,0,0,0.6009689058477695,-1525665.0,0,3
1,0,0,0,1,0,1,0,0,0,0,1,0,0,0,0,0,0.0331690159841958,11384140.0,0,3
1,0,0,0,1,0,0,1,0,0,0,0,0,0,1,0,0,0.2625120254266018,-211727405.0,0,3
1,0,0,0,1,0,1,0,0,0,0,0,0,0,0,0,1,0.0194704308057558,295551915.0,0,3
2,0,0,0,1,0,0,1,0,0,0,0,1,0,0,0,0,0.0621182124746624,289655.0,0,3
1,0,0,0,1,0,0,1,0,0,0,0,1,0,0,0,0,0.127902541940467,283328140.0,0,3
1,0,0,0,1,0,0,1,0,0,0,0,0,1,0,0,0,0.5979681449554504,526013890.0,0,3
1,0,0,0,1,0,1,0,0,0,0,0,0,1,0,0,0,0.3738121580043322,179910205.0,0,3
1,0,0,0,1,0,0,1,0,0,0,0,0,0,1,0,0,0.156110784192369,129317210.0,0,3
2,0,0,0,1,0,0,0,0,1,0,0,0,0,0,0,1,-0.1035438057109585,26234540.0,0,3
1,1,0,0,0,0,0,1,0,0,0,0,0,0,1,0,0,-0.0434583455791187,-46313320.0,0,3
1,0,0,0,1,0,0,1,0,0,0,0,1,0,0,0,0,0.1331757968301565,90631235.0,0,3
1,0,0,0,0,1,0,0,1,0,0,0,0,0,0,0,1,-0.0256022787772928,29309960.0,0,3
1,0,0,0,1,0,0,1,0,0,0,0,1,0,0,0,0,-0.0007913089616327,-28517120.0,0,3
1,0,0,0,1,0,0,1,0,0,0,0,0,0,1,0,0,-0.0589266988657803,90470660.0,0,3
1,1,0,0,0,0,1,0,0,0,0,0,0,0,1,0,0,0.0070733688179197,-191005880.0,0,3
1,0,0,0,1,0,0,1,0,0,0,0,0,0,1,0,0,0.0965863872629005,62063760.0,0,3
1,0,0,0,1,0,0,1,0,0,0,0,1,0,0,0,0,-0.0139784243603298,-15918340.0,0,3
2,0,0,0,1,0,1,0,0,0,0,0,1,0,0,0,0,0.3200434253130963,58664070.0,0,3
2,0,0,0,1,0,0,1,0,0,0,0,1,0,0,0,0,0.1321847869076915,16174290.0,0,3
1,0,0,0,1,0,0,1,0,0,0,0,0,0,0,0,1,0.0721614723067192,8103552990.0,3,4
1,0,0,0,1,0,1,0,0,0,0,0,0,0,1,0,0,0.1326146108843616,230220490.0,0,3
1,1,0,0,0,0,0,0,0,1,0,0,0,0,1,0,0,0.0037451511060381,906985000.0,0,3
1,0,0,0,1,0,0,0,0,1,0,0,0,0,1,0,0,0.1183067994601358,364907220.0,0,3
1,0,0,0,1,0,1,0,0,0,0,0,1,0,0,0,0,0.0074976451562959,4231935.0,0,3
2,0,0,0,1,0,1,0,0,0,0,0,0,0,1,0,0,0.0129583853615817,145701285.0,0,3
1,0,0,0,1,0,0,0,0,1,0,0,0,0,0,0,1,0.1173022908963401,1663085615.0,0,0
1,0,0,0,1,0,0,1,0,0,0,0,1,0,0,0,0,1.408557416446119,41270205.0,0,3
1,0,0,0,1,0,0,1,0,0,0,0,0,0,0,0,1,0.0689356210885449,5750473240.0,3,4
1,0,0,0,1,0,1,0,0,0,0,0,0,1,0,0,0,0.2660907652698872,-25875090.0,0,3
2,0,0,0,1,0,0,1,0,0,0,0,1,0,0,0,0,0.5654188026997595,1563155.0,0,3
1,0,0,0,1,0,0,0,0,0,1,0,0,0,1,0,0,-0.1661438985240976,-169716555.0,0,3
1,0,0,0,1,0,0,1,0,0,0,0,0,0,1,0,0,0.1911974708642576,19122610.0,0,3
1,1,0,0,0,0,1,0,0,0,0,0,0,0,0,1,0,0.0992959862304381,1227073650.0,0,0
1,0,0,0,1,0,0,1,0,0,0,0,0,0,1,0,0,0.0977251124397606,121215445.0,0,3
2,0,0,0,1,0,0,1,0,0,0,0,0,0,0,0,1,-0.1592123075903981,8296140.0,0,3
1,0,0,0,1,0,0,1,0,0,0,0,0,0,1,0,0,-0.0247269906234941,318686345.0,0,3
1,1,0,0,0,0,0,1,0,0,0,0,0,0,0,0,1,0.2157291515094744,695973775.0,0,3
1,1,0,0,0,0,0,1,0,0,0,0,1,0,0,0,0,0.030943379456364,1502735000.0,0,0
1,0,0,0,1,0,0,1,0,0,0,0,0,0,0,0,1,0.0699199334469462,2190323640.0,0,0
1,0,0,0,1,0,0,1,0,0,0,0,1,0,0,0,0,0.2143534285302896,-27365060.0,0,3
1,0,0,0,1,0,0,0,1,0,0,0,0,0,1,0,0,0.0863388328136253,-212253555.0,0,3
1,0,0,0,1,0,0,1,0,0,0,0,1,0,0,0,0,0.0648965095276535,110422500.0,0,3
1,0,0,0,1,0,0,1,0,0,0,0,1,0,0,0,0,0.2592273143820483,8584475.0,0,3
1,0,0,0,1,0,1,0,0,0,0,0,1,0,0,0,0,0.1855477031918431,331783705.0,0,3
1,0,0,0,1,0,0,1,0,0,0,0,1,0,0,0,0,-0.0582044476892063,424998490.0,0,3
2,0,0,0,1,0,1,0,0,0,0,0,1,0,0,0,0,0.4092734201806984,22582500.0,0,3
1,0,0,0,1,0,0,1,0,0,0,0,0,0,0,1,0,0.0923145840637108,790415255.0,0,3
2,0,0,0,1,0,0,0,1,0,0,0,0,0,1,0,0,0.1763974281387201,33311080.0,0,3
1,0,0,0,1,0,0,1,0,0,0,0,1,0,0,0,0,-0.0458781709846109,6173120.0,0,3
2,0,0,0,1,0,0,0,0,1,0,0,0,0,1,0,0,0.1094157002948943,81198645.0,0,3
1,0,0,0,1,0,0,1,0,0,0,0,0,0,0,0,1,0.0340320579399988,2158489420.0,0,0
1,0,0,0,1,0,0,1,0,0,0,0,1,0,0,0,0,0.2327102589294558,-164262705.0,0,3
1,0,0,0,1,0,1,0,0,0,0,0,0,0,1,0,0,0.0733970503669394,13546770.0,0,3
2,0,0,0,1,0,0,0,0,1,0,0,1,0,0,0,0,0.0738113464055148,57846395.0,0,3
1,0,0,0,1,0,0,0,0,0,1,0,1,0,0,0,0,0.1645909914549615,34705640.0,0,3
1,0,0,0,1,0,0,1,0,0,0,0,0,0,1,0,0,-0.0249780640986694,303419590.0,0,3
2,0,0,0,1,0,0,0,0,1,0,0,0,0,1,0,0,-0.0858632749341142,-42686525.0,0,3
1,0,0,0,1,0,0,1,0,0,0,0,1,0,0,0,0,0.0325467539103955,116221620.0,0,3
2,0,0,0,1,0,0,1,0,0,0,0,0,0,0,1,0,0.0823390444131749,185986860.0,0,3
1,0,0,0,1,0,0,1,0,0,0,0,0,0,1,0,0,0.2298792189109914,729529695.0,0,3
1,0,0,0,1,0,0,0,0,0,1,0,1,0,0,0,0,0.0801756235135722,17853510.0,0,3
1,0,0,0,1,0,0,1,0,0,0,0,0,0,1,0,0,0.0111363083008759,233596455.0,0,3
1,0,0,1,0,0,0,0,1,0,0,0,0,0,0,0,1,0.0715338602004179,6871332385.0,3,4
1,0,0,0,1,0,0,0,1,0,0,0,1,0,0,0,0,0.0111329889541305,4070600.0,0,3
1,1,0,0,0,0,1,0,0,0,0,0,0,0,0,0,1,0.0972308740714266,7018390000.0,3,4
2,0,1,0,0,0,0,1,0,0,0,0,0,0,0,0,1,0.0972308740714266,-15000000000.0,2,2
2,0,0,0,1,0,0,0,1,0,0,0,1,0,0,0,0,0.1496134324894726,2012750.0,0,3
1,0,0,0,1,0,0,1,0,0,0,0,0,0,0,0,1,0.1133921115138733,232097025.0,0,3
1,0,0,0,1,0,0,1,0,0,0,0,0,0,0,0,1,0.0722723556871823,4054282625.0,3,4
2,0,0,0,1,0,0,0,1,0,0,0,0,1,0,0,0,-0.0162810097336379,38909680.0,0,3
1,0,0,0,1,0,0,1,0,0,0,0,1,0,0,0,0,0.330402819355522,-71459860.0,0,3
2,0,0,0,1,0,0,0,0,1,0,0,1,0,0,0,0,0.0534112362248348,16609210.0,0,3
1,0,0,0,1,0,0,1,0,0,0,0,1,0,0,0,0,0.0640776700219186,67033405.0,0,3
1,0,0,0,1,0,0,0,0,0,1,1,0,0,0,0,0,-0.0015847425530509,-92831470.0,0,3
2,0,1,0,0,0,0,0,0,1,0,0,0,0,0,0,1,0.0670401837665979,-15000000000.0,2,2
1,0,0,0,1,0,0,0,1,0,0,0,0,0,0,1,0,0.1210258210737298,772755945.0,0,3
1,0,0,0,1,0,0,1,0,0,0,0,0,0,1,0,0,0.2574906217502036,359327205.0,0,3
1,0,0,0,1,0,0,0,1,0,0,0,0,0,1,0,0,-0.0320625365721499,-56653630.0,0,3
1,0,1,0,0,0,0,1,0,0,0,0,0,0,0,0,1,0.2401625772921163,15000000000.0,1,1
1,0,0,0,1,0,1,0,0,0,0,0,0,0,0,0,1,0.3243622409933347,-753706315.0,0,3
1,0,0,0,1,0,0,1,0,0,0,0,0,0,0,1,0,-0.1234317343372668,-1202303990.0,0,3
1,0,0,0,1,0,0,1,0,0,0,0,1,0,0,0,0,0.2011059722076842,3617055.0,0,3
1,0,0,0,1,0,0,1,0,0,0,0,1,0,0,0,0,-0.0541525130237317,142197620.0,0,3
1,0,0,0,1,0,0,1,0,0,0,0,0,0,0,0,1,1.2404574180568404,1516233985.0,0,0
2,0,0,0,1,0,0,1,0,0,0,0,0,0,0,0,1,0.0939691262086727,188989410.0,0,3
1,0,0,0,1,0,0,1,0,0,0,0,1,0,0,0,0,-0.0024860912249071,-16796600.605720133,0,3
1,1,0,0,0,0,0,1,0,0,0,0,0,0,1,0,0,-0.0419313385958439,-255222845.0,0,3
2,0,0,0,1,0,0,0,0,1,0,0,1,0,0,0,0,0.1056361731463288,15437725.0,0,3
1,0,1,0,0,0,0,0,0,1,0,0,0,0,0,0,1,0.0972308740714266,-15000000000.0,2,2
1,0,0,0,1,0,1,0,0,0,0,0,0,1,0,0,0,0.4030193008985379,79814760.0,0,3
1,0,0,0,1,0,0,1,0,0,0,0,0,1,0,0,0,0.3315106247202248,151106925.0,0,3
1,0,0,0,1,0,0,1,0,0,0,0,0,0,1,0,0,0.059779311477295,54141075.0,0,3
1,0,0,0,1,0,0,0,1,0,0,0,0,0,0,1,0,0.2199500812322453,359532565.0,0,3
1,0,0,0,1,0,0,1,0,0,0,0,0,1,0,0,0,-0.0737455737537311,462740390.0,0,3
1,0,0,0,1,0,0,1,0,0,0,0,0,0,0,1,0,0.7674310795167468,3880546980.0,3,4
1,0,0,0,1,0,0,1,0,0,0,0,1,0,0,0,0,0.2512782752092648,105030685.0,0,3
1,0,0,0,1,0,0,1,0,0,0,0,0,0,0,1,0,0.0541545670164779,2464171090.0,3,0
2,0,0,0,1,0,1,0,0,0,0,0,0,0,1,0,0,0.1695886934194556,37435120.0,0,3
2,0,0,0,1,0,0,1,0,0,0,0,1,0,0,0,0,0.1557671346492708,20707355.0,0,3
1,0,0,0,1,0,0,0,1,0,0,0,0,0,1,0,0,0.0967577479967967,-181000595.0,0,3
2,0,0,0,1,0,0,1,0,0,0,0,0,0,0,0,1,-0.2943900926881668,233387275.0,0,3
1,0,0,0,1,0,0,0,0,0,1,0,0,0,0,0,1,0.1317976416405008,112952830.0,0,3
1,0,0,0,1,0,1,0,0,0,0,0,0,0,1,0,0,0.1295400342072443,255361920.0,0,3
2,0,0,0,1,0,1,0,0,0,0,0,1,0,0,0,0,-0.0254818543902439,69326660.0,0,3
1,0,0,0,1,0,0,0,0,1,0,0,0,0,1,0,0,0.002892605850095,17937595.0,0,3
1,0,0,0,1,0,0,1,0,0,0,0,0,0,1,0,0,0.1858941712809698,28508855.0,0,3
2,0,0,0,1,0,0,0,1,0,0,0,1,0,0,0,0,0.4395459154166281,19046150.0,0,3
1,0,0,0,1,0,0,0,0,0,1,0,0,0,1,0,0,0.5507701613725388,21540620.0,0,3
1,0,0,0,1,0,0,1,0,0,0,0,0,0,0,0,1,0.0325491136738586,100750890.0,0,3
2,0,0,0,1,0,0,1,0,0,0,0,0,0,1,0,0,-0.0293720408042583,60085000.0,0,3
2,0,0,0,1,0,0,0,1,0,0,0,0,0,1,0,0,0.2112254708221244,185295395.0,0,3
1,0,0,0,1,0,0,1,0,0,0,0,1,0,0,0,0,-0.0163667529133866,78363930.0,0,3
1,0,0,0,1,0,0,0,0,1,0,0,0,0,0,0,1,-0.1317773679432118,-26364025.0,0,3
2,0,0,0,1,0,0,1,0,0,0,0,0,0,1,0,0,0.3821973802971716,37590580.0,0,3
2,0,0,0,1,0,0,0,0,0,1,0,1,0,0,0,0,-0.0030957417463311,46392855.0,0,3
1,1,0,0,0,0,1,0,0,0,0,0,0,0,0,0,1,0.3494681021352661,3632505000.0,3,4
1,0,0,0,1,0,0,1,0,0,0,0,0,0,1,0,0,-0.0001950527258406,74548125.0,0,3
1,0,0,0,1,0,1,0,0,0,0,0,0,0,1,0,0,0.0775149377796516,43418795.0,0,3
2,0,0,0,1,0,0,1,0,0,0,0,1,0,0,0,0,0.0998554867434886,19417245.0,0,3
1,0,0,0,1,0,0,0,1,0,0,0,0,0,0,1,0,0.0434312498404908,117761850.0,0,3
1,0,0,0,1,0,0,1,0,0,0,0,0,0,0,0,1,-0.0715943363270627,70767110.0,0,3
1,0,0,0,1,0,0,1,0,0,0,0,0,1,0,0,0,0.6136035327089793,-172984300.0,0,3
1,0,0,0,1,0,0,1,0,0,0,0,1,0,0,0,0,0.0945500383466796,198720655.0,0,3
1,0,0,0,1,0,0,1,0,0,0,0,1,0,0,0,0,0.0744837310427953,273673295.0,0,3
1,0,0,0,1,0,0,0,0,1,0,0,0,0,0,0,1,0.0747502445811468,4093840.0,0,3
1,0,0,0,1,0,0,0,1,0,0,0,0,0,1,0,0,-0.0066487908438428,695892620.0,0,3
1,0,0,0,1,0,0,1,0,0,0,0,0,0,0,1,0,0.3637339396991163,804857140.0,0,3
1,0,0,0,1,0,0,1,0,0,0,0,1,0,0,0,0,0.1863699275494137,16555905.0,0,3
1,0,0,0,1,0,0,0,0,1,0,0,0,0,0,0,1,-0.1042644256489208,31981755.0,0,3
1,0,0,0,1,0,0,1,0,0,0,0,1,0,0,0,0,0.0234334455331577,232735400.0,0,3
2,0,0,0,1,0,0,0,1,0,0,0,0,0,0,0,1,0.0042988232944696,41536710.0,0,3
2,0,0,0,1,0,0,0,0,0,1,0,1,0,0,0,0,0.4999656541808533,200700275.0,0,3
1,0,0,0,1,0,0,0,0,1,0,0,0,0,1,0,0,-0.2245477643191134,14153235.0,0,3
1,0,0,0,1,0,0,1,0,0,0,0,1,0,0,0,0,0.0615878598112982,23102035.0,0,3
2,0,0,0,1,0,1,0,0,0,0,0,1,0,0,0,0,0.4851704397155316,109157340.0,0,3
