[{"serial_no": 842, "gre_score": 255, "toefl_score": 100, "university_rating": 2, "sop": 0.3934118101839984, "lor": 4.943994213943697, "cgpa": 6.83883761209194, "research": 0}, {"serial_no": 496, "gre_score": 132, "toefl_score": 43, "university_rating": 1, "sop": 2.753225246956672, "lor": 0.6338496719503584, "cgpa": 3.815001432069627, "research": 0}, {"serial_no": 849, "gre_score": 243, "toefl_score": 81, "university_rating": 4, "sop": 1.967296309697718, "lor": 0.3670884804712138, "cgpa": 0.8841336162048508, "research": 0}, {"serial_no": 78, "gre_score": 6, "toefl_score": 40, "university_rating": 4, "sop": 4.606861250894283, "lor": 0.3756826412244596, "cgpa": 8.981708512684133, "research": 0}, {"serial_no": 343, "gre_score": 199, "toefl_score": 66, "university_rating": 1, "sop": 4.624359613545874, "lor": 0.49275030601561853, "cgpa": 0.5089843836580243, "research": 0}]