GRE Score,TOEFL Score,University Rating,SOP,LOR ,CGPA,Research,Admission Points
327,113,4,4.0,2.77,8.88,1,84.47
301,92,1,1.85,1.5,7.71,0,45.08
297,100,1,2.41,1.59,7.89,0,47.42
303,98,3,3.5,3.0,8.5,0,62.0
320,94,2,1.38,3.5,8.78,1,73.0
321,84,4,4.13,4.0,8.68,1,69.0
306,110,3,3.0,3.5,8.0,0,70.0
299,112,1,0.97,2.0,6.82,1,40.03
311,74,4,1.5,0.53,8.36,0,57.0
298,98,2,2.23,3.73,7.43,0,49.08
332,119,4,5.0,4.5,9.24,1,90.0
276,108,3,4.65,3.0,8.6,0,45.0
265,109,1,4.6,1.82,7.84,0,47.01
301,98,2,2.58,2.64,7.77,0,35.0
320,110,2,4.0,1.8,8.56,0,72.0
286,106,2,2.5,2.0,8.43,0,62.0
272,109,2,3.0,4.0,8.45,0,71.0
306,101,1,2.41,2.0,9.44,0,39.06
320,110,5,5.0,4.5,9.22,1,92.0
293,102,2,2.42,1.74,7.17,0,49.02
324,74,5,4.19,4.19,8.88,1,87.02
310,100,3,3.41,2.34,7.76,0,45.93
298,109,2,2.98,3.56,7.21,0,45.0
325,107,4,4.5,4.0,9.06,1,79.0
321,113,4,4.5,4.46,9.16,1,86.5
311,104,3,2.21,2.78,8.04,0,48.51
327,105,3,3.0,1.99,9.02,0,61.0
319,115,4,1.34,0.1,8.66,0,76.0
299,96,2,1.5,3.39,7.86,0,54.0
298,98,2,4.0,3.0,8.03,0,34.0
314,104,3,3.61,3.2,8.4,0,49.51
302,115,2,3.12,3.5,7.97,0,50.34
310,93,4,2.44,2.5,8.36,0,57.0
318,88,5,4.06,5.0,8.78,1,78.0
293,97,1,0.51,4.96,7.49,0,41.66
324,97,4,4.47,3.97,9.15,1,82.99
298,98,2,2.13,2.5,7.5,1,44.0
302,89,2,2.5,3.05,7.5,0,49.01
338,115,5,4.45,5.0,9.23,1,91.0
319,111,3,4.0,3.0,9.65,1,65.0
296,99,1,3.17,2.22,7.5,0,39.52
313,106,2,2.5,2.16,8.41,1,51.0
304,72,5,1.58,5.0,8.14,1,94.0
334,87,4,4.0,3.0,8.0,1,78.0
298,114,2,4.39,3.76,7.88,0,36.01
297,95,1,0.9,4.57,7.88,0,46.18
320,110,5,5.0,2.87,9.22,1,92.0
323,112,5,4.07,2.64,8.78,0,79.0
297,99,1,2.1,2.46,7.7,0,52.5
295,105,3,2.33,0.59,7.64,0,46.51
299,99,2,3.19,2.65,8.65,0,46.02
299,115,2,1.01,2.35,7.59,0,43.62
269,119,3,2.0,2.5,8.34,0,70.0
325,114,4,4.0,4.5,9.17,1,85.0
297,100,1,1.5,2.0,7.9,0,52.0
307,91,4,2.34,2.0,7.88,1,59.0
328,107,4,4.0,4.11,9.23,0,89.36
321,87,3,3.5,5.0,8.85,1,82.0
331,112,5,1.79,4.44,9.8,1,94.0
260,105,2,3.55,0.68,8.46,0,66.0
315,105,2,3.98,2.5,6.45,0,39.0
338,117,4,3.5,2.92,9.46,1,91.0
329,114,3,3.28,4.5,9.24,0,87.95
280,72,5,4.5,5.0,9.56,1,93.0
305,96,3,4.58,1.12,8.65,0,71.0
321,114,4,4.0,5.0,9.12,0,85.0
321,109,4,3.5,4.0,8.35,1,72.0
329,115,5,4.16,1.67,6.75,1,90.96
337,118,4,4.5,1.63,8.51,1,92.0
325,84,3,3.0,3.5,8.79,1,84.0
294,116,5,5.0,3.42,9.36,1,93.0
324,112,4,4.0,3.5,9.35,1,80.0
329,72,2,4.0,3.0,9.15,1,84.0
325,107,3,1.5,3.5,9.11,1,84.0
313,77,1,2.79,3.93,8.08,0,50.63
299,88,2,3.33,3.05,7.92,0,48.5
300,78,5,5.0,5.0,9.47,1,94.0
299,100,2,2.0,2.26,8.55,0,46.52
306,103,3,1.7,3.0,8.96,0,64.0
299,110,2,4.21,0.03,7.37,0,64.0
318,109,3,3.5,3.89,9.22,1,68.0
334,116,4,4.0,3.5,9.54,1,93.0
315,101,3,4.63,3.89,9.13,0,79.0
299,112,1,1.5,2.91,7.53,0,47.54
313,103,2,2.19,1.81,7.85,0,51.67
314,102,2,0.51,1.95,8.27,0,72.0
309,101,3,2.88,2.41,7.57,0,47.6
318,90,3,4.0,3.5,8.67,0,71.0
314,103,2,2.0,0.81,8.41,0,65.0
298,105,3,3.5,4.0,6.68,0,69.0
314,77,3,0.54,3.05,6.21,1,80.0
312,100,3,3.5,1.61,8.42,0,74.0
333,83,2,4.5,3.33,9.46,1,93.37
294,97,1,2.16,4.48,7.47,0,40.6
309,115,5,3.66,0.62,9.72,1,94.99
299,116,4,4.0,4.5,9.48,1,90.0
304,93,2,2.55,2.78,8.7,0,42.17
324,113,4,3.96,4.5,9.25,1,89.0
297,113,4,2.93,0.76,9.14,0,83.0
315,107,2,4.72,3.0,8.5,1,56.0
327,89,3,4.0,4.0,8.3,1,74.0
299,82,3,2.0,2.0,8.02,0,63.0
264,101,5,1.9,5.0,9.25,1,92.0
275,113,2,3.1,1.13,7.96,0,38.1
319,105,3,3.0,4.16,8.67,1,73.0
297,108,3,2.0,4.0,7.58,1,57.0
292,97,1,3.22,2.0,7.64,0,49.01
274,111,4,4.5,4.0,9.23,1,89.0
300,100,3,3.0,3.5,8.26,0,62.0
335,117,5,4.79,4.88,9.52,1,93.5
323,113,4,4.0,4.5,9.23,1,89.0
311,99,2,2.5,3.0,7.98,0,65.0
301,102,1,2.32,2.48,7.71,0,45.08
292,105,2,2.0,2.91,7.83,0,46.06
316,85,4,0.24,0.23,8.76,1,74.0
264,115,2,1.5,2.0,7.34,0,47.0
292,100,3,2.36,2.76,7.48,0,47.08
297,96,2,0.73,2.3,7.43,0,34.0
303,71,1,2.1,2.5,7.65,0,56.0
319,113,3,3.5,2.83,7.46,0,82.0
321,110,5,4.42,4.82,9.24,1,89.47
313,98,1,1.63,1.67,7.82,0,50.5
297,99,4,2.86,1.99,7.81,0,54.0
324,97,5,4.63,4.5,9.08,1,89.0
300,99,1,4.32,2.0,6.8,1,36.0
306,110,2,3.5,4.0,8.45,0,63.0
302,111,2,4.43,3.0,7.71,0,42.44
327,109,4,4.54,2.05,9.11,1,89.0
313,81,3,2.85,2.71,7.7,0,39.6
331,114,4,4.4,1.35,9.74,0,90.36
296,99,2,3.0,3.5,7.28,0,47.0
299,98,1,3.0,2.0,6.82,1,40.03
338,100,4,3.0,0.18,9.4,1,91.0
286,113,2,3.0,2.67,7.77,1,66.0
334,113,5,4.0,4.5,6.58,1,89.0
317,89,3,3.0,2.0,7.94,1,49.0
313,94,1,1.13,3.47,7.86,0,50.5
306,105,2,2.5,2.49,8.22,1,72.0
312,110,2,3.5,3.55,8.53,0,64.0
323,110,4,4.0,5.0,8.88,1,81.0
298,96,1,2.4,4.72,9.34,0,46.03
305,95,2,2.5,1.5,7.79,0,53.0
330,88,4,4.5,3.0,8.12,1,86.0
309,100,2,3.0,3.0,8.1,0,48.0
328,118,4,4.0,2.5,8.77,1,83.0
302,110,3,4.0,4.5,9.69,0,65.0
312,82,3,3.65,3.5,8.34,1,62.0
294,93,1,1.51,2.15,7.37,0,41.07
287,114,5,1.45,1.56,8.94,1,86.0
327,84,5,5.0,3.5,9.13,1,87.0
316,71,3,4.1,2.0,7.77,0,50.5
258,116,4,4.98,3.5,9.6,1,93.0
312,70,2,1.5,2.69,7.36,1,56.0
270,96,2,4.0,2.0,9.21,0,46.0
312,108,3,2.55,3.0,8.53,0,69.0
290,104,4,0.89,2.5,7.46,0,45.0
305,96,4,4.07,4.5,8.26,0,54.0
315,106,3,4.5,0.29,8.42,0,72.0
326,116,2,4.5,2.12,6.55,1,80.0
307,108,2,3.97,3.47,7.75,0,46.51
317,106,1,1.5,3.5,7.65,1,61.0
312,107,2,2.5,3.5,8.27,0,69.0
331,84,4,4.56,4.94,8.82,1,94.99
302,99,1,4.56,2.28,7.16,0,42.17
323,111,5,4.0,5.0,9.5,1,92.0
318,117,5,0.1,5.0,8.78,1,78.0
323,112,5,4.0,4.5,8.78,0,79.0
286,79,5,2.05,4.5,7.82,1,97.0
311,104,2,3.62,2.0,8.3,0,42.0
293,94,3,4.5,4.5,8.43,0,70.0
322,107,3,3.5,0.94,8.46,1,71.0
295,74,1,2.0,2.63,8.41,0,46.0
315,70,4,3.49,4.13,9.09,1,87.82
289,69,1,1.0,4.03,8.01,0,58.0
331,89,5,4.0,3.12,9.44,1,92.0
312,107,2,2.7,4.48,8.4,1,49.51
332,119,4,4.02,3.6,8.19,1,90.0
325,110,4,2.9,4.0,8.96,1,79.0
308,104,2,1.6,3.0,8.07,0,65.0
305,107,2,2.5,2.5,8.42,0,71.0
312,91,2,2.5,3.5,8.04,1,68.0
333,101,5,1.73,1.58,9.28,1,89.0
295,89,2,2.5,2.08,7.65,0,57.0
331,115,5,4.5,3.5,7.13,1,93.0
316,96,3,1.77,2.52,6.99,1,69.0
314,101,2,1.23,2.0,9.37,0,70.0
310,96,3,2.08,2.34,7.76,0,45.93
328,116,5,0.88,5.0,9.5,1,94.0
298,70,2,1.74,3.0,8.03,0,40.1
322,110,5,5.0,4.0,9.1,1,88.0
299,113,2,1.5,3.99,7.86,0,54.0
303,83,1,3.73,1.24,7.36,0,45.98
307,101,3,4.0,3.0,8.2,0,47.0
304,80,5,5.0,3.0,7.92,0,71.0
301,100,2,2.42,3.4,7.95,0,49.04
327,113,4,3.5,1.81,8.69,1,80.0
316,70,2,2.5,3.56,8.32,0,72.0
295,93,1,2.0,2.0,7.2,0,46.0
302,100,3,2.22,2.82,7.47,0,47.06
336,112,5,4.82,2.99,9.76,1,96.0
325,110,2,3.0,2.5,8.76,1,75.0
315,118,2,2.0,2.5,7.65,0,39.0
306,119,3,2.43,4.1,7.67,0,45.09
308,120,2,3.0,0.97,8.49,0,66.0
296,97,2,4.46,2.0,7.8,0,49.0
298,98,2,1.5,3.19,7.5,1,44.0
315,104,3,3.26,2.5,6.96,0,65.0
283,115,3,4.0,2.35,9.0,0,79.0
295,98,1,1.72,2.0,7.51,0,45.0
305,110,4,4.0,3.59,9.13,1,86.0
296,99,2,3.0,3.5,7.28,0,47.0
257,108,4,4.63,3.39,7.99,1,79.0
305,114,2,4.79,1.5,7.79,0,53.0
324,110,4,4.5,4.0,9.15,1,82.0
295,112,1,2.72,2.0,7.51,0,45.0
318,110,1,2.5,3.5,8.54,1,67.0
327,92,4,2.85,5.0,9.67,1,93.0
335,109,5,4.42,3.92,9.76,1,95.99
310,78,2,3.02,1.55,8.29,0,44.52
312,98,1,3.5,2.22,8.18,1,64.0
316,116,3,1.78,3.5,8.0,1,72.0
318,106,5,1.67,5.0,6.88,1,78.0
330,93,4,4.0,1.25,9.23,1,91.0
308,113,2,2.0,2.5,7.73,0,38.5
302,99,3,2.14,0.49,7.89,0,38.08
263,73,5,5.0,5.0,9.76,1,96.0
331,116,5,4.0,4.0,9.26,1,93.0
287,100,3,2.5,3.0,7.45,0,52.0
328,110,4,5.0,4.0,9.14,1,82.0
335,110,5,4.8,4.01,9.44,1,93.0
299,78,1,4.69,3.0,7.53,0,50.51
309,84,1,3.03,4.26,8.15,0,39.18
294,70,4,2.37,4.5,7.69,1,53.0
276,108,1,3.5,3.5,9.12,0,78.0
302,101,2,4.88,2.88,8.36,0,51.01
339,116,4,0.25,3.5,9.8,1,96.0
314,98,1,1.86,2.54,7.84,0,47.9
291,93,4,3.0,3.94,9.4,1,91.0
306,93,1,2.05,1.81,8.12,0,47.51
295,94,1,1.99,2.0,7.77,0,49.01
309,112,3,1.15,3.0,6.91,0,72.0
331,109,5,5.0,3.23,6.73,1,93.0
309,106,2,1.38,2.41,8.0,0,62.0
301,106,1,2.0,3.0,9.11,1,67.0
269,100,2,2.0,2.0,7.88,0,51.0
316,90,2,3.5,2.5,9.57,1,49.0
302,101,2,2.5,0.91,7.7,0,46.0
304,107,4,1.28,4.5,8.87,1,76.0
311,105,2,4.69,2.34,8.48,0,71.0
316,117,2,4.0,3.5,8.15,0,67.0
330,114,3,4.5,4.5,9.24,1,90.0
301,97,2,2.85,2.93,7.85,0,40.36
321,110,3,3.5,5.0,8.85,1,82.0
312,106,3,4.0,3.5,8.79,1,81.0
324,115,3,4.0,0.75,8.64,1,78.0
298,96,2,2.34,1.58,7.85,0,45.01
299,100,2,4.92,1.99,7.88,0,52.0
334,84,4,4.0,3.98,8.0,1,78.0
309,107,4,4.0,4.5,8.87,1,76.0
322,110,3,1.35,3.5,8.0,0,70.0
324,112,4,4.5,4.0,9.22,1,86.0
290,103,3,1.95,2.45,7.5,0,48.52
263,117,3,3.5,2.5,8.33,1,74.0
308,77,2,3.0,4.0,8.45,0,71.0
290,92,4,4.5,4.5,9.18,1,87.0
263,95,5,5.0,5.0,9.35,1,92.0
260,89,4,4.5,4.0,8.65,1,86.0
288,74,2,2.87,2.49,8.22,0,64.0
329,106,4,1.6,3.5,8.27,1,89.0
330,74,5,5.0,4.5,9.36,1,93.0
306,104,3,4.0,3.5,9.0,0,79.0
299,97,2,3.87,3.5,7.66,0,41.06
304,104,1,1.5,2.0,7.63,0,47.5
303,98,2,2.5,3.0,7.67,0,59.0
320,103,3,3.0,3.16,7.39,0,64.0
278,119,1,3.41,3.61,6.8,1,36.0
297,117,4,3.0,3.5,7.81,0,54.0
321,81,3,1.68,4.5,6.77,1,77.0
297,112,3,1.99,4.0,7.67,1,57.0
304,96,2,0.54,4.0,8.73,0,67.0
300,96,2,1.5,2.0,7.52,0,70.5
293,93,1,1.19,2.0,7.43,0,45.0
305,105,2,1.67,0.61,8.23,0,67.0
322,99,2,1.22,2.34,8.45,1,65.0
329,118,4,4.5,2.05,8.25,1,91.48
274,110,4,0.44,3.5,8.97,1,84.0
310,110,1,1.5,4.0,7.23,1,58.0
297,94,1,2.34,1.66,7.89,0,47.06
331,115,5,4.5,3.7,9.38,1,93.5
276,104,3,3.5,3.38,7.97,1,61.0
316,116,3,3.32,4.05,7.77,0,50.5
298,100,1,1.81,2.31,8.24,0,42.58
336,119,4,4.5,4.0,9.62,1,95.0
317,100,2,3.0,2.5,8.57,0,68.0
313,102,3,1.65,4.0,8.9,1,77.0
299,98,3,2.0,1.7,7.42,0,42.0
295,108,1,1.83,2.0,7.77,0,49.01
271,113,3,4.0,4.3,8.88,1,79.0
290,70,2,3.0,4.0,8.45,0,71.0
299,109,3,3.5,3.0,8.94,1,78.0
312,97,2,2.0,2.76,9.69,0,49.27
311,101,2,2.5,3.5,8.34,1,70.0
287,112,3,2.5,4.0,8.33,1,58.0
327,115,4,3.87,4.0,8.64,0,79.0
319,114,3,2.9,3.94,8.54,1,71.0
318,107,3,3.5,4.0,9.22,1,68.0
330,111,4,4.37,4.5,9.22,1,88.96
333,117,4,5.0,4.0,9.66,1,95.0
305,105,2,3.0,4.0,8.13,0,66.0
299,99,2,3.03,2.17,8.3,0,46.5
302,98,2,2.62,2.38,7.72,1,47.24
302,89,3,2.16,2.72,7.86,0,43.0
330,108,4,5.0,2.46,6.47,1,91.0
309,117,5,2.72,3.63,8.56,0,71.0
294,93,1,2.07,2.0,7.43,0,45.0
297,96,2,2.5,2.0,9.26,0,34.0
330,95,5,4.63,5.0,9.51,1,92.48
312,114,4,4.5,2.75,9.92,1,97.0
340,112,4,5.0,4.5,8.22,1,94.0
309,73,1,0.23,0.33,6.13,0,39.02
338,76,5,4.5,5.0,9.23,1,91.0
295,105,1,1.0,2.0,8.01,0,58.0
312,77,1,0.27,3.0,8.53,1,69.0
313,107,2,0.86,0.0,8.5,1,53.0
314,116,2,2.5,4.0,8.56,0,63.0
295,119,2,1.5,2.0,7.34,0,47.0
304,100,4,1.5,2.5,7.84,0,42.0
314,81,2,2.0,2.5,8.24,0,64.0
299,99,2,4.0,2.17,7.7,0,46.5
332,116,5,3.18,5.0,9.28,1,94.0
324,110,3,0.05,4.19,9.04,1,82.0
326,98,2,4.5,3.0,9.08,1,80.0
290,116,5,5.0,3.48,7.28,1,94.0
308,110,4,3.5,3.17,7.69,0,70.0
334,116,4,4.0,3.22,9.74,1,93.0
300,99,1,3.0,2.0,6.8,1,36.0
311,69,3,2.0,2.5,7.64,1,62.0
270,75,4,4.09,0.92,9.09,1,89.5
326,114,5,4.3,5.0,9.15,1,91.5
285,114,3,2.0,3.0,7.4,0,64.0
311,117,4,0.21,2.62,8.26,1,94.0
321,110,4,1.84,0.67,9.88,1,72.0
290,119,3,2.0,3.0,7.42,0,42.0
340,87,5,0.18,4.5,9.06,1,95.0
303,96,1,1.48,0.01,7.07,0,44.67
329,110,2,4.0,1.12,9.15,1,84.0
315,104,3,3.95,4.32,8.1,0,65.0
277,97,2,2.5,2.36,7.56,0,40.14
329,114,4,4.5,4.0,9.23,1,89.0
297,94,1,1.12,4.9,7.41,0,45.53
314,116,4,0.67,4.18,8.76,1,77.0
317,71,1,4.15,3.5,7.65,1,61.0
298,104,3,2.5,4.75,8.12,0,62.0
300,98,1,1.13,3.45,7.86,0,50.5
311,89,3,1.56,3.0,8.45,1,59.0
311,95,2,1.46,2.22,7.87,0,47.03
327,84,3,3.5,3.0,8.66,1,80.0
316,102,3,0.18,2.0,9.78,0,50.5
271,102,3,2.2,1.42,7.61,0,45.01
259,79,2,2.5,0.03,8.13,0,56.0
309,107,2,2.5,0.76,7.68,0,55.0
300,103,2,2.23,0.81,7.55,0,36.02
304,89,2,1.17,3.5,7.54,0,64.0
327,76,3,3.5,4.0,8.77,1,79.0
331,120,3,4.0,1.14,8.96,1,86.0
312,103,4,4.0,0.05,8.43,0,73.0
310,110,2,2.96,3.15,7.3,0,54.0
286,97,3,3.93,3.19,7.72,0,40.04
322,112,4,3.5,2.53,9.02,1,73.0
334,101,4,4.0,4.0,9.82,1,93.0
304,119,2,0.3,2.0,7.52,0,70.5
297,96,1,2.46,1.52,7.87,0,46.03
300,97,2,3.21,3.05,7.86,0,41.03
331,108,5,4.45,5.0,9.8,1,94.0
312,107,4,4.5,4.0,8.82,1,73.0
326,113,5,4.5,4.7,8.7,1,91.0
316,118,1,1.5,2.0,7.43,0,49.0
309,101,2,2.88,2.76,8.05,0,50.54
302,99,2,3.59,0.31,7.8,0,47.02
309,110,1,2.14,2.0,9.18,0,39.02
336,112,5,5.0,5.0,9.76,1,96.0
300,108,3,3.5,2.5,8.17,0,63.0
325,112,2,3.0,3.5,8.96,1,80.0
330,114,3,4.5,4.5,9.24,1,90.0
269,80,3,3.0,3.5,8.89,0,80.0
322,110,4,4.26,3.76,8.42,1,86.9
265,119,1,2.18,0.78,8.28,0,41.59
322,115,5,4.0,4.16,9.36,1,92.0
299,100,1,2.25,3.32,9.34,0,46.5
301,99,3,2.5,2.0,8.45,1,68.0
276,115,5,4.0,3.5,9.44,1,92.0
257,101,4,2.5,4.5,7.69,1,53.0
320,108,2,1.16,3.5,8.16,1,73.0
301,100,2,3.29,3.88,7.77,0,35.0
316,81,3,3.5,2.5,7.68,0,52.0
314,100,4,4.5,4.0,9.04,1,84.0
327,113,4,2.76,4.41,9.04,0,84.0
337,104,3,4.5,2.67,9.74,1,93.37
308,86,3,2.1,3.0,8.0,1,46.0
324,111,4,2.64,1.4,9.01,1,82.0
329,114,2,2.0,4.0,8.56,1,72.0
327,113,4,4.59,3.09,9.19,0,85.9
334,113,4,4.83,4.5,9.56,1,91.43
271,108,2,2.5,3.5,8.48,0,71.0
319,105,3,3.0,3.5,8.67,1,73.0
322,112,4,4.5,2.21,9.26,1,91.0
267,82,1,1.5,2.0,7.56,0,47.0
317,77,3,0.39,3.0,8.68,1,84.0
306,70,3,3.5,3.0,8.21,0,64.0
311,107,4,1.05,4.5,9.0,1,78.0
302,114,1,2.0,1.5,8.0,0,50.0
298,98,2,2.13,3.38,7.33,0,49.05
332,112,1,1.5,3.0,8.66,1,79.0
304,106,2,2.86,2.84,7.84,1,45.01
336,107,5,3.13,2.28,9.53,1,94.0
325,112,4,4.0,4.5,9.17,1,85.0
261,114,5,4.5,1.2,9.19,1,86.0
294,93,1,2.11,2.0,7.43,0,45.0
265,108,2,2.5,4.01,8.43,0,62.0
303,118,2,3.5,1.74,7.7,0,49.02
300,73,2,2.31,3.22,7.66,0,47.8
328,116,5,1.4,5.0,9.08,1,91.0
298,72,2,0.59,3.0,7.21,0,45.0
320,113,2,2.0,2.12,8.64,1,81.0
307,91,2,3.0,3.5,8.37,1,78.0
304,76,3,3.5,4.0,8.44,1,76.0
290,104,4,4.57,2.5,7.46,0,45.0
323,116,3,4.81,4.51,8.25,1,86.43
329,95,5,4.99,4.0,9.31,1,89.47
298,117,2,2.85,2.93,7.85,0,40.36
311,107,2,3.0,1.42,8.1,1,47.51
325,105,3,2.65,0.72,9.04,1,76.0
315,73,2,1.98,3.63,8.34,0,66.0
265,82,3,3.5,2.75,8.96,1,78.0
330,71,5,5.0,4.0,9.31,1,91.0
313,101,2,2.5,2.16,8.41,1,51.0
309,105,4,3.5,2.0,8.18,0,65.0
286,99,2,3.99,3.19,8.09,0,47.0
310,101,2,3.25,2.92,8.05,1,47.5
308,94,3,1.63,2.86,7.92,0,43.05
331,116,5,5.0,5.0,9.38,1,93.0
299,97,3,0.21,3.4,7.66,0,37.0
274,94,5,4.0,3.97,8.1,1,93.0
311,117,3,1.59,4.0,9.65,0,64.0
320,116,4,4.0,3.98,9.26,1,86.5
299,99,2,4.08,2.98,8.09,0,47.0
301,101,1,2.35,3.59,7.71,0,46.97
333,113,5,4.0,0.88,7.19,1,89.0
300,73,2,3.67,2.0,7.87,0,56.0
298,114,4,2.75,4.0,9.43,1,93.0
273,88,1,2.29,1.71,7.45,0,45.0
279,70,3,3.5,2.5,8.17,0,63.0
300,95,1,2.0,2.2,7.79,0,44.55
325,110,4,3.86,4.0,8.67,1,73.0
277,74,2,3.74,3.19,7.87,0,43.06
318,109,3,3.0,3.0,8.5,0,67.0
296,95,2,3.0,2.0,7.54,1,44.0
307,101,3,3.5,0.26,8.94,1,78.0
297,110,1,2.34,0.98,7.89,0,47.06
340,100,4,5.0,0.14,7.53,1,94.0
326,81,4,4.14,1.83,9.34,1,85.5
293,97,1,2.01,1.83,7.49,0,41.66
316,109,3,3.5,3.0,8.31,0,77.0
308,108,4,4.36,3.42,7.95,1,67.0
303,83,3,0.27,2.5,7.83,0,39.03
296,99,2,3.0,3.5,7.28,0,47.0
326,77,3,3.5,4.0,9.14,1,81.0
327,111,4,3.0,4.0,8.4,1,78.0
317,106,3,4.0,3.0,8.7,0,66.0
290,99,1,2.98,1.5,8.01,1,52.0
295,93,1,2.0,1.98,7.23,0,48.0
301,100,2,3.42,2.0,7.8,0,44.02
310,106,2,1.77,2.37,6.89,0,45.03
313,105,3,2.5,3.0,6.61,0,62.0
334,105,5,4.91,4.5,9.7,1,95.0
311,106,2,3.33,3.05,7.92,0,48.5
326,99,5,4.5,4.81,9.4,1,91.0
306,119,2,2.5,3.0,9.26,1,72.0
328,89,4,4.0,2.5,6.95,1,81.0
311,106,2,2.5,2.5,8.0,0,62.0
320,118,2,2.0,2.32,6.2,1,81.0
315,105,3,3.7,3.46,8.34,0,70.0
308,93,4,4.5,0.51,8.34,0,77.0
301,112,3,3.5,3.0,8.04,0,67.0
296,100,2,2.25,3.01,7.74,0,45.09
285,116,3,2.5,3.0,8.9,1,80.0
295,99,2,2.97,3.47,8.34,0,46.0
328,77,4,3.82,4.0,9.16,1,78.0
322,71,4,4.37,2.5,8.02,1,61.0
323,108,5,4.0,4.0,8.74,1,81.0
314,99,4,3.5,4.5,8.11,1,71.0
306,80,2,3.0,3.0,8.36,0,69.0
328,110,4,4.63,2.5,6.18,1,83.0
317,106,3,4.0,3.5,8.5,1,75.0
305,99,2,1.24,1.06,7.93,0,47.01
314,104,4,5.0,5.0,9.02,0,82.0
332,80,5,4.15,3.94,9.64,1,94.0
326,103,5,4.25,4.99,9.4,1,91.0
316,104,3,3.0,3.11,8.0,1,72.0
325,106,3,3.5,4.0,8.4,1,52.0
324,96,3,3.5,3.0,9.22,1,89.0
311,108,2,4.0,3.17,7.7,0,48.0
325,106,3,3.5,3.58,8.4,1,52.0
336,112,5,4.88,4.88,9.69,1,94.99
257,107,1,1.02,1.03,7.06,0,44.51
285,101,3,3.0,3.5,8.7,0,52.0
257,84,2,2.0,2.91,7.45,0,47.29
292,117,3,4.0,4.5,8.65,0,73.0
297,119,1,1.5,2.16,8.47,0,52.5
315,104,3,4.0,3.76,8.1,0,65.0
321,102,2,4.5,1.74,8.56,0,84.81
291,108,2,2.0,2.0,7.88,0,51.0
295,99,2,2.5,3.0,7.65,0,57.0
324,112,4,3.76,3.5,8.77,1,80.0
319,106,3,2.5,1.63,8.37,0,68.0
308,102,2,2.5,3.48,7.68,1,70.0
326,111,4,4.0,3.5,9.12,1,84.0
331,81,4,4.66,3.83,9.51,1,92.96
282,112,3,2.0,3.0,7.4,0,64.0
314,97,1,1.5,1.87,7.45,0,48.02
290,112,4,0.98,3.71,9.0,1,80.0
275,106,2,2.5,2.76,8.03,0,60.0
297,94,1,1.11,1.22,7.34,0,44.52
263,118,4,4.0,4.0,8.68,1,69.0
298,80,2,2.0,3.0,7.21,0,45.0
277,99,1,1.5,4.67,6.55,0,53.0
305,104,2,2.5,1.5,7.79,0,53.0
313,106,2,2.5,2.15,8.41,1,51.0
321,105,2,2.0,2.72,8.16,0,81.0
327,113,4,4.85,4.5,9.48,1,90.0
340,89,5,2.11,4.5,9.91,1,97.0
262,105,5,1.82,0.12,8.65,0,77.0
314,78,3,3.5,4.62,8.3,0,54.0
312,117,2,0.12,4.22,8.46,0,66.0
304,104,3,3.71,2.0,8.12,0,62.0
315,105,2,2.5,2.36,8.28,1,51.02
319,76,3,3.0,2.5,6.24,0,72.0
328,102,5,4.5,0.49,6.54,1,91.0
334,111,5,0.42,5.0,9.87,1,97.0
322,84,5,4.5,1.43,8.8,0,76.0
303,105,2,1.25,3.67,8.1,0,53.0
338,115,5,4.49,5.0,9.23,1,91.0
277,96,4,5.0,1.76,9.14,1,82.0
333,117,4,3.34,4.0,7.32,1,95.0
300,119,2,4.5,4.87,7.03,0,57.0
295,70,2,0.3,3.1,7.86,0,69.0
309,100,2,3.0,1.82,8.1,0,48.0
302,77,2,3.0,2.0,7.54,1,44.0
318,106,3,2.0,3.0,8.65,0,71.0
258,110,5,4.5,4.0,8.97,0,78.0
315,110,2,3.5,3.0,6.88,1,72.0
301,101,1,2.23,1.9,7.77,0,45.96
305,99,2,1.63,3.12,7.9,0,44.93
264,101,3,3.5,4.44,7.88,0,59.0
320,84,4,3.0,4.5,8.86,1,82.0
313,101,3,2.5,0.22,8.04,0,62.0
327,99,4,4.5,1.0,9.11,1,89.0
329,96,4,4.5,4.5,8.39,1,87.0
324,110,3,3.5,3.0,9.14,1,89.0
290,104,4,2.0,2.5,7.46,0,45.0
323,102,2,3.33,3.76,8.36,1,49.55
318,100,2,2.5,3.5,8.54,1,71.0
314,105,3,3.5,2.5,8.3,0,54.0
302,98,3,2.14,2.65,6.26,0,40.39
262,108,4,1.84,4.0,9.18,1,84.0
334,75,5,4.5,5.0,9.54,1,94.0
324,110,3,3.5,1.68,9.04,1,82.0
299,100,1,1.5,0.78,6.75,0,59.0
314,102,2,2.0,4.53,8.24,0,64.0
278,98,1,3.0,2.31,7.2,0,42.12
314,113,2,2.5,1.75,7.64,0,70.0
306,103,2,2.59,1.55,8.35,0,52.5
324,84,3,4.72,1.5,8.79,1,70.0
321,107,2,4.59,0.5,8.44,0,81.0
322,120,4,4.0,0.26,7.59,1,87.47
300,120,2,3.16,2.87,6.66,0,39.5
313,97,1,1.5,3.1,7.48,0,48.0
302,99,2,2.56,3.05,7.5,0,49.01
279,113,4,4.0,3.3,8.77,1,83.0
317,108,3,2.84,3.86,9.0,1,84.81
326,109,4,5.0,5.0,8.76,1,77.0
279,96,2,1.89,2.0,7.66,0,46.0
305,98,1,2.64,1.11,8.99,0,45.12
301,120,4,5.0,5.0,9.66,1,95.0
317,107,3,4.0,3.59,8.7,0,66.0
312,100,2,1.5,3.5,7.9,1,56.0
311,102,2,2.5,2.91,8.61,1,70.0
265,95,2,3.0,0.73,8.22,1,62.0
331,114,5,4.5,3.5,9.36,1,93.0
300,79,2,2.06,2.77,7.64,0,47.54
279,102,5,4.57,3.44,9.8,1,97.0
262,110,4,3.5,4.0,8.67,1,73.0
298,97,2,3.06,3.38,7.33,0,49.05
292,106,3,3.12,3.77,6.72,0,46.7
298,110,2,3.98,3.0,8.98,0,41.19
303,116,4,2.85,3.55,9.45,1,90.99
305,98,2,2.5,2.89,7.75,0,40.12
331,102,3,4.0,4.0,8.96,1,86.0
312,103,2,2.0,4.74,7.65,0,38.5
330,100,4,4.0,2.86,9.23,1,91.0
300,98,2,2.44,2.27,7.55,0,36.02
306,89,2,4.02,2.5,8.26,0,73.0
314,116,3,4.0,4.41,8.8,0,75.0
301,94,1,3.63,3.83,7.35,0,45.53
287,101,2,2.0,2.5,7.66,0,38.25
321,109,4,4.0,4.0,9.13,1,85.0
279,114,5,3.7,5.0,9.46,1,91.0
338,87,5,1.72,5.0,9.23,1,91.0
307,118,3,0.02,2.34,8.4,0,47.0
301,104,3,3.66,4.0,8.12,1,68.0
304,101,2,2.06,3.1,7.66,0,38.0
332,119,5,2.14,0.68,8.97,1,87.0
258,120,4,5.0,5.0,8.23,1,96.0
267,111,4,4.0,5.0,8.54,0,71.0
330,73,4,4.89,4.5,9.45,1,91.0
314,107,3,4.29,3.5,8.17,1,73.0
297,100,1,1.62,2.0,7.9,0,52.0
302,101,2,0.77,3.5,7.3,0,46.0
267,100,4,1.5,2.5,7.84,0,42.0
302,107,1,3.48,2.31,7.2,0,42.12
309,108,5,3.5,4.9,8.56,0,71.0
266,104,4,4.52,4.05,9.26,1,91.99
328,117,4,4.5,4.0,9.18,1,84.0
321,93,4,4.0,1.94,8.98,1,86.5
314,108,3,0.4,4.48,8.14,0,64.0
308,113,2,2.5,2.38,7.52,0,40.82
304,115,1,3.0,0.79,7.5,0,52.0
309,101,2,3.81,0.52,8.19,0,50.54
313,114,3,1.04,3.0,8.04,0,62.0
301,113,4,2.5,3.0,8.47,0,57.0
294,113,3,3.5,4.0,8.87,1,80.0
311,99,2,3.0,2.75,8.1,1,47.51
323,82,4,4.19,4.61,9.61,1,88.9
267,93,2,2.5,2.0,8.32,1,61.0
312,77,3,3.5,4.0,8.09,0,71.0
327,110,3,4.19,3.83,9.17,1,82.47
299,110,2,4.0,4.0,8.93,0,64.0
309,103,2,2.5,2.5,8.0,0,62.0
304,72,2,2.0,2.59,7.7,0,47.8
302,99,3,2.71,3.0,7.45,0,52.0
298,97,2,4.58,4.29,7.71,0,36.5
327,102,3,3.5,0.18,8.77,1,79.0
340,120,5,0.03,4.5,9.91,1,97.0
314,78,3,4.0,4.0,8.8,0,75.0
299,100,1,4.37,2.0,7.89,0,59.0
326,114,3,3.0,4.77,9.11,1,83.0
323,111,5,4.5,4.2,9.13,1,87.95
311,113,4,4.5,4.5,9.0,1,78.0
327,104,5,3.0,3.5,8.84,1,71.0
316,92,2,2.5,1.52,8.2,1,49.0
298,104,1,2.4,1.55,9.76,0,46.03
302,71,1,2.49,1.5,7.5,0,48.11
282,113,2,2.56,2.5,7.65,0,39.0
298,69,3,2.5,2.49,8.76,1,73.0
305,108,5,3.8,3.0,8.48,0,61.0
297,97,1,0.78,1.11,7.49,0,45.01
316,102,3,2.68,3.96,7.72,0,50.51
294,93,1,1.5,4.42,7.36,0,46.0
302,102,1,0.9,1.5,8.0,0,50.0
327,113,4,3.5,4.94,8.69,1,80.0
296,97,2,1.5,2.0,7.8,0,49.0
315,101,3,3.5,1.73,9.12,0,79.0
301,96,1,4.3,4.0,7.56,0,54.0
339,114,5,4.0,2.27,9.76,1,96.0
264,90,1,3.48,2.5,6.19,0,57.0
320,108,2,2.07,3.08,8.46,0,46.51
313,114,1,4.8,2.0,7.47,0,48.5
340,113,4,5.0,5.0,9.74,1,96.0
317,103,3,2.5,3.0,8.54,1,73.0
331,114,5,4.21,3.18,9.41,1,90.48
274,112,4,1.98,0.14,9.51,0,55.0
323,104,5,4.0,4.0,8.74,1,81.0
330,116,4,4.59,4.91,9.41,1,93.5
307,108,2,4.0,3.5,7.7,0,48.0
292,91,1,1.63,2.0,7.64,0,49.01
304,103,1,2.48,3.48,7.78,0,45.41
325,100,4,0.51,4.02,8.67,1,73.0
310,72,3,2.0,3.74,8.37,0,70.0
316,90,2,2.5,3.0,9.0,0,70.0
265,95,5,5.0,2.86,9.64,1,94.0
285,103,3,4.0,1.18,8.49,1,71.0
307,101,3,2.97,4.63,8.2,0,47.0
282,105,3,3.5,2.96,8.4,1,52.0
307,109,2,1.87,4.75,7.93,0,47.0
300,103,5,5.0,5.0,9.47,1,94.0
338,120,4,3.5,5.0,9.66,1,95.0
275,113,5,1.93,3.5,9.36,1,93.0
321,100,2,2.0,1.68,8.44,0,81.0
264,112,5,5.0,4.21,9.06,1,86.0
322,110,3,4.0,5.0,8.64,1,85.0
298,74,2,4.35,2.0,7.86,0,54.0
308,117,4,4.5,5.0,9.42,1,94.0
330,116,4,1.18,4.5,9.45,1,91.0
307,96,3,2.47,2.53,7.66,0,45.53
288,105,3,3.0,1.56,9.55,0,79.0
320,109,2,2.8,2.9,8.62,0,52.5
298,101,2,1.5,2.0,7.86,0,54.0
340,120,4,4.5,4.0,7.27,1,97.0
311,97,2,2.0,2.0,8.3,0,42.0
311,108,4,4.0,4.5,8.37,0,79.0
300,94,2,3.0,3.0,8.1,1,65.0
324,111,3,2.5,2.0,8.8,1,79.0
270,113,3,4.65,4.5,8.49,1,71.0
290,111,3,4.0,4.5,8.65,0,73.0
279,84,2,0.41,2.51,7.63,0,45.09
275,105,2,2.0,2.5,8.26,0,65.0
296,116,1,2.33,1.5,6.89,0,46.03
282,119,5,5.0,5.0,9.82,1,96.0
269,106,2,2.5,4.0,8.32,0,72.0
322,104,3,3.5,0.84,8.84,1,78.0
336,83,4,0.63,4.58,9.62,1,95.0
324,117,4,4.5,4.0,6.77,1,86.0
309,115,3,1.83,4.51,7.92,0,43.05
325,110,2,3.0,2.5,8.76,1,75.0
316,106,2,1.33,2.56,8.45,0,47.03
297,96,1,4.47,1.52,7.87,0,46.03
312,105,2,2.5,3.41,8.12,0,64.0
307,73,3,4.0,0.99,9.12,1,62.0
304,110,3,3.5,4.49,8.0,1,46.0
318,108,3,3.5,4.0,9.22,1,68.0
317,101,3,2.78,2.0,7.94,1,49.0
333,119,5,5.0,4.5,9.78,1,96.0
295,120,3,4.0,4.5,9.11,0,86.0
336,102,5,5.0,5.0,9.76,1,96.0
297,92,1,1.97,2.06,7.85,0,47.13
302,116,1,1.39,2.25,7.57,0,45.73
320,89,2,4.0,3.5,8.56,0,72.0
290,113,1,1.5,2.0,7.56,0,47.0
322,103,5,5.0,0.28,9.1,1,88.0
295,102,3,2.33,2.26,7.64,0,46.51
313,120,2,1.02,2.03,8.48,1,51.01
313,96,2,2.44,2.0,8.5,1,53.0
332,76,5,4.5,4.0,9.02,1,87.0
319,109,4,2.88,4.44,9.2,1,87.82
288,109,3,2.45,1.82,8.69,0,77.0
299,97,3,4.63,3.38,7.66,0,37.01
306,106,2,0.24,0.28,8.14,0,61.0
302,103,3,1.85,2.85,7.97,0,46.02
312,108,1,2.71,1.6,7.5,0,48.11
323,110,3,0.15,5.0,9.1,1,79.0
265,113,5,4.0,0.41,9.45,1,92.0
320,104,3,3.5,4.5,8.34,1,74.0
312,120,2,2.5,1.51,8.04,1,68.0
280,97,2,2.44,2.19,7.52,0,43.61
327,119,4,4.73,3.81,9.37,1,88.72
283,95,2,3.98,3.76,8.03,0,41.19
291,112,3,4.0,3.5,8.67,0,71.0
300,100,1,2.66,2.44,7.55,0,69.0
298,100,2,2.34,3.14,7.79,0,52.0
316,103,3,3.32,2.0,7.68,0,52.0
297,73,2,3.5,3.0,6.27,0,63.0
318,103,3,0.34,2.88,8.49,1,71.0
313,106,1,1.5,2.0,7.36,0,46.0
324,82,5,4.5,4.0,9.16,1,90.0
298,101,4,2.5,0.42,7.69,1,53.0
330,75,5,4.67,4.78,9.29,1,87.02
339,119,5,4.5,4.0,9.7,0,89.0
320,113,2,1.84,1.12,8.64,1,81.0
310,105,1,2.72,3.91,9.02,0,50.5
298,84,1,2.0,1.04,7.81,0,44.14
324,91,3,2.5,3.85,9.63,1,79.0
297,94,1,1.17,1.33,7.34,0,44.52
302,101,2,2.5,3.5,7.96,0,46.0
326,111,5,4.5,4.0,9.23,1,88.0
293,94,4,1.88,2.5,7.55,0,43.61
313,105,4,2.64,1.83,8.87,1,85.0
295,99,1,1.72,3.94,7.57,0,37.0
287,98,1,1.01,1.5,8.0,0,50.5
325,88,2,2.37,3.5,8.17,1,80.0
295,70,2,0.54,3.77,7.34,0,47.0
298,78,2,4.0,1.45,8.03,0,34.0
312,105,3,2.0,0.73,8.02,1,50.0
296,112,1,2.0,2.22,7.5,0,39.52
302,99,1,3.0,2.28,7.16,0,42.17
325,88,2,2.92,2.5,8.76,1,75.0
300,119,2,2.22,3.86,7.56,0,36.01
294,93,1,3.61,0.1,9.67,0,46.0
336,112,5,4.96,2.08,9.74,1,94.99
311,105,2,1.71,2.75,7.98,0,65.0
298,97,2,2.5,2.36,7.56,0,40.14
314,109,4,4.37,3.4,8.77,1,82.0
327,108,5,2.04,3.5,9.13,1,87.0
315,110,2,3.0,3.0,6.67,0,66.0
295,86,5,4.0,4.5,9.36,1,92.0
299,98,3,1.59,3.5,8.62,0,56.0
326,108,3,3.0,3.5,8.89,0,80.0
327,113,4,4.5,5.0,9.14,0,83.0
332,118,5,5.0,0.61,9.64,1,94.0
314,118,1,4.45,4.47,7.65,0,45.08
262,106,3,3.5,3.0,7.89,1,73.0
319,112,3,2.5,2.0,8.71,1,78.0
320,108,2,3.58,3.08,8.71,0,46.51
313,111,5,3.85,5.0,9.86,1,92.0
308,108,4,4.5,3.67,8.34,0,77.0
330,116,4,4.0,4.75,9.23,1,91.0
334,115,4,4.0,4.0,9.43,1,93.0
304,95,2,1.5,3.22,7.64,0,47.0
317,110,3,3.0,4.06,7.94,1,49.0
310,106,4,1.5,2.5,8.36,0,57.0
306,108,2,3.5,4.0,8.45,0,63.0
329,69,4,4.5,4.0,9.01,1,81.0
329,82,4,2.12,4.0,9.23,1,89.0
304,105,2,3.0,3.0,8.2,1,54.0
300,98,2,2.19,2.69,7.56,0,50.5
337,117,5,1.14,5.0,9.87,1,96.0
306,100,2,3.0,3.5,8.06,1,64.0
304,80,4,1.5,0.38,7.84,0,42.0
339,119,4,3.32,2.94,9.56,1,92.48
281,90,4,0.93,4.0,9.92,1,97.0
313,106,2,3.97,2.03,8.48,1,51.01
321,111,4,4.0,1.73,9.13,1,85.0
329,119,4,4.5,4.34,7.67,1,90.0
325,115,4,0.05,4.25,9.17,1,85.0
324,113,4,0.63,4.0,8.79,0,76.0
302,95,1,4.52,1.66,7.54,0,44.53
316,98,1,1.5,2.81,9.31,0,49.0
335,90,5,5.0,5.0,9.56,1,94.0
315,105,3,2.0,4.65,8.34,0,70.0
275,94,1,1.28,1.55,8.48,0,45.32
302,110,3,1.65,2.63,7.89,0,38.08
336,107,5,4.5,3.23,9.53,1,94.0
326,111,5,4.5,1.84,9.23,1,88.0
305,117,2,2.5,2.5,8.42,0,71.0
296,101,5,4.5,3.5,9.36,1,93.0
320,108,3,3.5,4.0,8.44,1,76.0
323,110,4,4.0,2.37,8.96,1,85.26
293,119,3,1.89,2.5,7.55,0,45.01
323,90,5,0.27,4.0,8.74,1,81.0
317,100,2,3.0,2.24,8.57,0,68.0
309,84,3,1.85,3.69,7.71,0,46.02
311,70,2,1.04,3.03,8.12,1,73.0
324,116,4,3.0,3.81,8.97,1,84.0
334,114,4,3.86,1.99,9.36,1,88.96
312,105,2,4.9,4.28,8.45,0,72.0
281,75,2,3.23,3.01,7.86,0,42.61
294,83,1,1.5,2.0,7.36,0,46.0
316,105,2,2.5,0.73,8.2,1,49.0
312,100,3,2.27,4.5,8.78,1,69.0
304,101,2,2.0,2.5,7.66,0,38.0
323,86,2,3.41,3.93,8.36,1,48.64
318,103,2,2.1,3.5,8.54,1,71.0
298,120,1,2.0,3.3,7.88,0,51.0
312,108,3,4.04,2.0,7.9,1,64.0
299,100,2,2.0,2.68,7.57,0,46.53
324,106,3,2.62,3.0,8.76,1,70.0
292,98,3,4.21,3.67,8.3,1,76.0
295,94,1,2.29,2.76,7.45,0,45.0
332,93,1,1.5,3.51,8.66,1,79.0
322,110,4,3.0,2.5,8.02,1,61.0
331,115,5,3.46,3.5,9.3,1,92.0
311,108,5,4.0,4.0,8.74,1,81.0
273,119,1,1.5,2.0,7.43,0,48.0
319,108,2,2.5,3.0,8.76,0,66.0
322,110,4,4.0,4.47,9.13,1,86.0
340,82,4,0.64,2.66,9.66,1,94.0
266,107,2,2.5,2.05,8.47,1,52.0
310,100,3,2.79,2.81,7.7,0,50.51
295,96,2,0.36,4.56,7.34,0,47.0
323,110,3,3.68,3.5,9.1,1,79.0
299,104,1,1.42,2.89,6.7,0,43.69
315,100,2,1.35,2.25,7.87,0,48.47
306,82,1,2.42,2.0,7.66,0,39.06
313,102,3,4.56,3.0,8.27,0,64.0
321,112,3,3.0,4.5,8.95,1,77.0
296,118,2,2.5,1.98,6.81,0,61.0
276,103,4,4.37,4.5,9.1,1,78.0
321,114,5,4.5,4.5,9.16,1,87.0
279,114,2,4.0,4.0,7.92,1,64.0
304,107,3,3.5,1.76,7.86,0,57.0
340,98,4,5.0,4.5,9.66,1,94.0
281,113,3,4.16,2.0,7.72,0,50.51
294,100,2,2.7,3.2,6.35,0,46.0
285,100,5,4.0,3.29,7.41,1,92.0
313,118,2,2.5,2.22,8.43,0,62.0
295,93,1,2.0,2.0,7.2,0,46.0
301,98,2,3.57,2.93,8.02,0,43.13
307,98,2,2.5,3.91,9.33,1,67.0
314,120,3,0.67,0.39,8.9,0,74.0
327,103,3,1.86,4.0,8.3,1,74.0
292,118,2,4.57,2.0,6.22,0,46.0
316,110,3,4.0,4.5,8.78,1,69.0
307,102,3,3.0,1.66,8.27,0,73.0
304,103,5,5.0,4.0,8.64,0,68.0
299,102,3,4.0,4.04,6.49,0,56.0
312,98,1,3.5,3.0,8.18,1,64.0
316,119,2,3.5,3.5,8.74,1,57.0
328,79,5,5.0,5.0,9.5,1,94.0
294,69,1,1.5,1.5,7.64,0,49.0
311,81,2,2.0,0.46,7.84,0,46.16
324,111,3,2.5,2.0,7.01,1,79.0
264,112,3,3.5,3.0,8.68,1,84.0
330,107,5,5.0,2.95,9.31,1,91.0
298,90,4,3.0,3.9,8.97,1,84.0
287,96,1,2.0,0.25,8.02,0,61.0
308,103,2,2.5,4.0,8.36,1,70.0
301,88,1,1.99,1.53,7.99,0,48.46
314,103,4,0.76,4.23,6.33,0,82.0
263,106,2,2.86,2.84,7.84,1,45.01
299,118,5,3.63,0.59,9.11,1,94.0
324,71,3,4.98,4.05,9.22,1,89.0
313,71,2,4.73,4.98,9.15,1,51.0
321,73,4,3.98,3.99,9.13,1,84.5
329,114,5,4.0,5.0,9.3,1,86.0
301,99,3,4.98,2.0,8.45,1,68.0
300,113,2,2.22,2.28,7.56,0,36.01
265,101,4,2.79,3.0,8.25,0,62.0
299,96,1,4.47,3.25,7.84,0,46.03
266,97,2,1.31,3.05,7.86,0,41.03
325,114,5,4.0,5.0,9.46,1,91.0
326,99,3,3.47,4.0,9.14,1,81.0
309,116,3,3.5,4.0,9.14,1,81.0
304,108,3,3.5,5.0,8.97,1,84.0
310,91,2,2.37,2.37,8.23,0,45.03
327,79,4,3.07,4.54,9.08,0,88.27
328,108,4,4.5,2.25,9.18,1,84.0
322,105,2,3.34,3.88,8.33,1,48.02
294,97,1,2.16,4.09,7.47,0,40.6
326,76,2,3.17,2.94,9.08,1,80.0
324,79,4,4.5,4.5,9.25,1,89.0
329,111,4,4.5,4.0,8.83,1,89.0
316,80,3,4.72,2.0,8.26,0,52.0
288,71,1,1.68,2.0,7.72,0,49.01
332,118,5,5.0,3.65,9.64,1,94.0
327,111,4,4.34,4.5,9.06,1,89.16
274,99,4,4.5,4.01,9.02,0,85.47
312,105,2,0.52,2.5,8.45,0,72.0
325,107,3,3.0,1.27,6.46,1,84.0
309,101,3,2.88,2.41,7.57,0,47.6
311,90,2,2.0,2.0,8.3,0,42.0
306,103,1,2.31,1.81,8.12,0,47.51
299,100,3,4.52,3.0,7.75,0,42.0
263,114,4,3.0,2.0,8.4,0,70.0
298,97,2,0.72,3.2,7.17,0,36.01
289,112,4,0.42,3.24,9.12,1,84.0
320,93,3,3.0,2.75,6.87,1,74.0
321,110,4,3.5,4.0,8.35,1,72.0
318,114,3,3.77,3.27,8.81,1,86.9
305,103,2,3.0,3.5,8.13,0,59.0
297,93,2,2.68,3.73,7.58,0,42.19
305,104,2,2.5,2.39,7.79,0,53.0
305,113,5,2.57,4.0,9.31,1,91.0
323,113,3,4.0,4.24,9.32,1,85.0
303,100,1,2.0,2.46,7.68,0,44.56
299,104,1,1.5,2.0,7.89,0,59.0
258,89,2,1.31,1.85,7.5,0,45.01
317,103,2,2.5,2.0,8.15,0,65.0
297,100,3,2.43,4.1,7.67,0,45.09
310,109,3,2.89,4.95,7.73,0,50.51
325,107,3,2.23,3.51,9.11,1,84.0
302,101,2,2.5,3.5,9.69,0,46.0
274,99,2,2.5,2.98,6.39,0,56.0
262,93,1,1.56,2.01,6.12,0,42.95
323,75,3,4.0,4.0,8.44,1,73.0
267,82,5,4.0,0.71,9.28,1,89.0
309,96,2,4.92,3.44,7.66,0,41.03
310,104,3,3.5,4.0,8.02,1,66.0
324,112,4,4.5,3.65,6.74,1,86.0
325,112,4,3.9,3.95,9.17,1,85.0
301,99,3,3.09,2.07,8.45,1,68.0
300,100,3,0.49,3.0,8.66,1,64.0
320,110,4,4.35,3.96,8.95,1,85.5
329,114,5,1.71,5.0,9.3,1,86.0
315,78,2,2.07,2.36,7.91,1,51.02
301,100,3,2.46,4.68,7.45,0,47.1
306,105,2,3.0,2.5,6.56,0,73.0
299,97,3,4.18,3.5,9.67,0,57.0
301,100,3,3.5,3.0,8.04,0,67.0
327,81,4,4.0,2.71,7.57,1,76.0
322,114,3,3.5,4.25,8.46,1,71.0
309,105,4,2.65,2.0,8.18,0,65.0
312,107,4,4.5,4.65,9.47,1,73.0
264,114,4,0.13,5.0,9.12,0,85.0
297,96,2,2.5,1.5,7.89,0,43.0
295,119,2,2.97,3.47,9.6,0,46.0
308,104,2,3.12,3.0,8.11,0,47.5
296,96,2,2.3,2.0,7.5,0,41.62
297,97,1,4.79,2.72,7.1,0,41.59
275,102,2,0.2,2.5,7.66,0,38.5
305,116,3,2.63,2.74,7.58,0,50.5
298,92,1,2.02,0.17,7.88,0,51.0
327,101,3,3.5,4.0,8.77,1,79.0
314,107,3,3.0,0.52,8.17,1,73.0
326,76,3,0.3,2.78,9.05,1,74.0
307,109,2,3.82,3.7,7.93,0,47.0
333,113,5,2.86,4.08,9.29,1,90.48
340,120,5,1.53,3.42,9.47,1,94.0
300,89,2,1.5,2.22,7.87,0,47.03
296,95,4,3.86,1.4,8.66,1,77.0
268,111,4,4.45,4.05,9.22,1,86.47
334,114,4,4.0,4.0,8.94,1,93.0
315,105,2,2.0,3.44,7.42,0,39.0
309,71,4,1.79,4.49,8.18,0,65.0
312,120,5,4.5,5.0,9.56,1,93.0
312,103,3,3.5,1.97,8.78,0,67.0
304,113,2,2.0,2.5,7.66,0,38.0
302,118,4,3.0,0.85,9.4,1,91.0
311,120,3,2.0,1.43,7.64,1,62.0
308,73,2,2.0,3.5,7.98,1,58.0
304,100,2,2.5,3.5,8.07,0,64.0
334,70,5,2.66,4.5,9.07,1,89.0
296,107,4,4.0,4.17,9.23,1,89.0
311,99,1,2.5,2.09,8.43,1,71.0
298,118,1,1.81,2.31,7.62,0,42.58
316,99,2,3.44,1.02,8.74,0,69.0
300,98,1,3.18,2.5,8.02,0,61.0
326,116,2,4.5,3.0,9.08,1,80.0
298,97,2,3.7,3.0,7.99,0,39.07
323,111,5,4.0,5.0,9.86,1,92.0
312,106,3,2.17,1.19,8.79,1,81.0
307,101,3,0.24,3.0,8.2,0,47.0
306,100,2,3.0,3.0,7.85,0,48.0
288,99,1,2.0,1.5,7.57,0,37.0
312,98,3,3.26,2.74,8.09,0,71.0
271,112,5,4.0,4.0,7.03,1,87.0
327,110,4,4.5,4.5,9.04,0,84.0
309,114,2,3.0,3.0,8.95,0,48.0
322,115,5,4.0,4.5,9.36,1,92.0
335,116,5,5.0,5.0,9.82,1,96.0
257,118,4,4.01,4.5,6.26,1,92.0
322,113,5,4.5,4.0,6.78,1,86.0
322,71,5,2.67,4.5,9.36,1,92.0
324,74,5,3.5,4.0,8.66,1,81.0
303,114,3,2.0,2.28,7.66,0,36.0
295,101,2,2.5,2.0,7.86,0,69.0
312,106,2,4.0,3.5,8.25,0,62.0
333,85,5,5.0,4.99,9.78,1,96.0
321,111,4,4.0,4.0,8.97,1,87.0
295,106,1,1.5,2.0,6.92,0,48.0
316,113,3,3.0,3.5,6.59,0,72.0
311,98,1,1.79,2.43,7.82,0,47.72
323,102,5,4.0,5.0,8.98,1,87.0
315,73,1,3.2,2.0,7.43,0,48.0
311,88,1,3.08,1.5,8.33,0,50.5
297,96,2,2.5,2.0,7.43,0,34.0
336,118,5,4.5,4.0,9.19,1,92.0
330,111,4,4.5,3.0,9.17,1,86.0
301,90,3,3.5,4.0,8.87,1,80.0
311,80,2,0.1,3.0,7.21,0,45.0
322,109,5,2.45,3.5,8.8,0,76.0
301,99,2,2.28,2.78,7.55,0,41.6
299,100,1,0.65,3.13,7.86,0,46.5
327,109,3,3.5,4.0,8.77,1,79.0
298,101,4,2.5,4.5,7.69,1,53.0
294,72,1,1.51,2.01,6.56,0,41.07
303,110,3,3.5,2.5,8.67,1,80.0
333,102,5,4.0,1.22,9.28,1,89.0
303,92,2,3.89,0.5,9.06,0,42.23
317,106,2,0.83,3.5,8.12,0,73.0
302,101,2,1.0,2.0,8.05,0,56.0
317,104,2,3.0,1.3,8.76,0,77.0
329,119,4,4.41,4.97,8.15,1,87.72
328,116,5,1.51,5.0,9.08,1,91.0
308,100,2,3.12,3.0,8.11,0,47.5
313,102,1,2.0,3.0,8.03,1,67.0
313,105,1,2.59,2.33,8.08,0,50.63
300,102,2,1.5,2.0,7.87,0,56.0
316,98,1,1.5,2.0,7.43,0,49.0
306,110,2,3.5,0.54,8.45,0,63.0
324,107,5,3.5,3.46,8.66,1,81.0
297,119,4,3.0,3.5,7.81,0,54.0
322,112,5,4.5,4.0,8.94,1,86.0
301,92,2,2.81,0.35,7.84,0,41.91
310,103,2,1.51,3.5,9.63,0,71.0
289,90,2,0.53,3.0,8.5,1,56.0
327,114,3,4.13,4.0,9.17,1,82.47
329,114,5,4.5,3.3,6.76,1,86.0
316,101,2,2.5,2.0,8.32,1,61.0
302,107,3,0.2,3.5,8.34,1,62.0
314,105,2,3.51,2.41,8.41,0,44.37
304,97,2,1.5,3.09,7.64,0,47.0
282,96,2,4.85,0.22,8.16,1,71.0
274,76,3,4.0,3.0,9.32,1,85.0
275,117,4,3.37,4.0,9.74,1,95.0
323,111,5,4.76,4.75,7.17,1,89.47
257,115,2,1.27,2.0,7.88,0,51.0
301,116,3,3.5,0.6,8.34,1,62.0
296,97,2,1.92,2.0,7.8,0,49.0
287,108,2,1.5,3.0,8.16,1,71.0
300,100,4,3.41,3.78,9.05,1,87.36
301,100,3,3.5,2.29,8.12,1,68.0
308,115,2,3.0,4.0,7.9,0,68.0
314,103,2,2.0,3.0,8.21,0,65.0
296,77,2,2.3,2.0,7.5,0,41.62
331,117,4,4.89,4.93,9.45,1,87.02
321,73,4,4.0,5.0,9.12,0,85.0
298,96,2,2.66,2.17,7.07,0,40.52
289,100,3,0.07,0.58,8.02,0,63.0
298,104,3,0.24,0.37,7.95,1,58.0
307,118,2,3.95,3.39,7.76,0,46.76
301,104,2,2.13,3.5,9.71,1,68.0
324,75,3,1.6,4.0,8.75,0,79.0
273,72,2,2.5,1.68,8.13,0,59.0
324,83,3,0.81,1.38,8.44,0,48.53
302,71,4,4.5,4.9,9.26,1,91.0
314,83,4,4.5,4.0,9.04,1,84.0
311,77,3,4.13,4.0,6.85,1,68.0
320,118,5,4.0,4.0,9.27,1,87.0
309,102,2,1.94,2.92,8.12,0,45.25
340,114,5,4.0,2.85,9.6,1,90.0
304,100,2,3.13,3.0,6.11,0,63.0
323,107,4,4.0,5.0,9.41,1,81.0
257,105,2,0.11,3.0,8.45,1,65.0
284,102,3,3.5,3.0,8.6,0,45.0
304,105,2,3.0,3.0,8.2,1,54.0
331,117,2,4.37,3.5,7.15,1,90.99
294,107,2,2.12,2.2,8.4,1,49.51
298,96,2,2.34,1.94,7.85,0,45.01
299,97,3,5.0,0.85,7.66,0,38.0
293,101,3,2.85,4.76,7.7,0,39.6
307,104,4,3.0,2.76,7.94,0,62.0
300,83,2,3.18,3.0,7.88,0,39.51
335,120,5,0.68,0.7,9.56,1,94.0
304,101,2,2.0,2.59,6.81,0,47.8
317,93,3,3.5,3.0,8.56,0,68.0
319,76,3,2.99,3.63,8.79,0,72.0
311,104,2,1.91,2.0,8.3,0,42.0
283,99,3,2.0,2.5,6.67,0,36.0
264,83,3,2.15,2.65,8.42,0,48.51
277,78,2,3.59,2.41,6.41,0,47.02
301,77,3,2.46,3.0,7.45,0,47.1
315,101,3,3.5,4.5,9.13,0,79.0
307,100,3,2.47,2.62,7.66,0,45.53
258,109,3,3.5,1.61,7.95,1,68.0
326,113,5,0.7,0.52,6.35,1,91.0
302,101,2,2.35,1.95,7.62,0,49.08
317,106,1,2.63,3.5,7.65,1,61.0
320,101,3,3.5,0.31,8.97,1,84.0
301,96,1,2.38,1.56,8.66,0,46.03
312,93,2,3.0,3.1,8.22,0,50.0
302,85,2,1.79,2.88,7.98,0,51.01
325,111,4,4.0,4.5,9.11,1,83.0
331,114,5,4.0,3.19,9.37,1,90.48
294,69,5,1.68,5.0,9.28,1,94.0
318,110,1,2.5,2.15,8.54,1,67.0
301,80,2,3.57,3.09,8.02,0,43.13
302,114,1,2.0,2.0,8.6,0,57.0
297,100,3,3.5,1.46,8.62,0,71.0
327,115,3,3.65,3.2,9.24,1,87.27
309,107,3,4.47,1.14,7.86,0,57.0
330,114,3,4.5,4.5,9.24,1,90.0
320,102,4,4.5,3.5,8.87,1,85.0
313,98,1,1.17,1.67,6.85,0,50.5
323,90,3,0.69,3.5,8.55,1,73.0
264,105,5,5.0,4.5,8.65,0,77.0
313,76,3,4.0,3.5,9.0,0,79.0
323,88,4,4.0,4.5,9.23,1,89.0
298,98,1,1.53,2.48,7.5,0,48.02
311,85,2,0.4,2.91,6.21,0,46.06
295,73,3,3.5,2.0,8.2,1,61.0
340,105,5,5.0,0.81,9.06,1,95.0
332,92,1,1.5,3.0,8.66,1,79.0
320,110,5,4.0,4.0,9.27,1,87.0
294,100,2,2.7,2.48,7.33,0,46.0
317,109,3,4.0,4.5,9.11,1,80.0
302,113,2,0.07,2.0,8.01,0,42.44
295,99,1,2.0,1.5,7.57,0,37.0
306,100,3,1.98,3.0,7.42,0,42.0
311,70,3,2.21,3.0,8.04,0,48.51
324,113,4,3.78,5.0,9.27,1,92.5
320,113,2,2.0,2.5,8.64,1,81.0
317,106,3,1.62,3.0,7.89,1,73.0
304,117,5,5.0,4.74,9.6,1,94.5
326,108,3,3.0,3.5,8.89,0,80.0
305,86,2,1.5,2.5,8.16,0,59.0
326,76,3,3.0,3.0,9.11,1,83.0
326,92,3,0.54,3.0,9.11,1,83.0
315,103,1,1.5,3.04,7.86,0,57.0
272,120,4,5.0,5.0,9.5,1,96.0
300,98,2,3.1,3.51,7.96,0,38.1
301,97,2,3.34,3.0,7.88,1,44.0
296,105,1,1.5,2.0,7.61,0,48.0
314,98,4,0.78,4.48,9.17,1,86.47
310,103,2,0.54,2.5,8.24,0,72.0
311,103,3,2.0,4.0,8.09,0,64.0
320,101,2,2.93,3.85,8.62,0,70.0
294,95,1,1.5,3.22,7.64,0,49.0
325,114,3,0.31,3.0,8.77,1,76.0
310,106,2,0.72,0.67,8.33,0,73.0
290,88,4,4.5,1.87,9.01,1,81.0
289,108,4,4.5,3.53,9.18,1,87.0
324,113,4,4.5,4.0,8.79,0,76.0
321,117,2,2.0,1.5,8.44,0,81.0
297,118,2,2.5,3.45,7.79,0,43.0
321,73,3,3.5,4.0,9.01,1,80.0
287,97,1,1.24,2.46,7.96,0,44.56
295,99,1,2.0,1.5,7.54,0,37.0
301,97,2,2.53,1.07,9.69,1,44.0
282,78,2,2.5,2.89,7.75,0,40.12
290,111,4,0.83,5.0,9.34,0,71.0
301,99,2,3.0,2.0,8.22,0,64.0
332,117,4,0.24,4.08,9.1,0,87.0
302,104,1,2.0,2.49,7.65,0,45.08
323,112,5,2.2,4.83,9.06,1,86.99
290,101,3,3.0,2.0,7.94,1,49.0
277,96,2,2.44,1.53,7.88,0,43.98
309,100,2,2.87,3.0,8.34,0,48.0
323,108,3,3.5,3.0,8.6,0,45.0
303,98,2,3.74,3.19,9.33,0,43.06
310,75,2,2.64,2.86,7.66,0,52.5
332,119,4,5.0,4.5,8.68,1,90.0
300,91,2,3.46,3.11,7.83,0,41.01
306,100,2,2.71,3.0,9.25,0,48.0
328,91,4,4.5,4.68,9.16,1,78.0
300,97,2,0.92,3.0,8.1,1,65.0
318,78,3,4.0,3.0,8.8,0,63.0
292,107,3,3.0,3.37,8.46,1,75.0
316,106,3,3.5,1.07,8.56,0,75.0
315,105,3,2.0,4.3,9.75,0,75.0
327,118,4,5.0,5.0,9.67,1,93.0
338,115,4,3.16,4.86,9.43,1,90.5
314,109,4,3.5,4.0,6.25,1,82.0
292,113,2,2.23,3.68,7.43,0,49.08
299,98,2,2.5,2.81,7.72,0,40.22
329,100,4,4.5,4.5,9.16,1,90.0
307,78,2,3.97,2.03,7.75,0,46.51
314,115,2,2.0,4.0,7.8,1,64.0
296,84,2,3.0,4.62,7.54,1,44.0
299,88,5,5.0,5.0,6.49,1,94.0
300,80,2,1.39,2.74,7.84,0,35.0
323,111,5,2.02,4.5,8.78,0,79.0
316,102,3,3.45,2.0,7.71,0,50.5
333,120,5,5.0,2.94,8.32,1,92.0
324,112,5,5.0,5.0,8.55,1,88.0
312,103,3,5.0,4.0,9.75,0,76.0
301,118,2,2.28,2.78,7.55,0,41.6
287,112,4,4.0,3.5,9.12,1,84.0
298,97,2,2.44,0.77,7.52,0,43.61
310,106,2,3.5,2.5,8.33,0,73.0
307,105,2,2.66,3.0,7.65,0,58.0
299,106,2,1.03,4.0,8.4,0,64.0
300,112,3,3.93,3.19,7.72,0,40.04
314,107,2,2.5,3.5,8.27,0,69.0
308,103,2,3.0,3.5,8.49,0,66.0
302,114,5,4.0,2.06,9.6,1,90.0
260,103,5,5.0,4.5,9.22,1,92.0
300,99,2,3.3,3.2,8.35,0,40.82
314,105,3,3.5,2.5,8.3,0,54.0
306,75,3,0.9,0.18,6.78,0,46.02
326,110,3,3.5,3.5,8.76,1,79.0
308,110,3,3.5,1.13,8.0,1,46.0
326,116,3,3.5,3.83,9.14,1,81.0
313,107,3,4.0,4.5,8.69,0,72.0
340,115,5,5.0,4.5,9.06,1,95.0
261,109,4,4.0,4.0,9.13,1,85.0
307,118,3,0.8,2.73,7.92,0,46.02
322,105,2,3.34,1.83,8.33,1,48.02
319,120,3,2.5,2.88,8.76,1,73.0
296,96,2,2.85,2.0,7.66,0,46.0
320,94,3,4.56,4.5,9.11,0,86.0
314,108,4,4.5,1.83,9.04,1,84.0
322,114,4,4.5,4.5,9.26,1,91.0
303,107,2,2.5,4.05,6.57,0,40.22
320,110,5,0.15,0.8,9.22,1,92.0
327,74,4,3.74,1.97,9.14,1,90.96
282,97,1,1.5,2.0,7.77,0,48.0
301,101,1,1.68,2.0,7.72,0,49.01
303,115,2,2.05,4.63,7.68,0,42.23
297,96,1,2.31,4.89,7.37,0,69.0
292,117,2,2.0,0.98,8.73,0,62.0
297,96,2,2.5,1.5,7.93,0,43.0
271,112,1,2.31,2.21,7.97,0,69.0
326,73,5,2.42,4.0,9.23,1,88.0
298,106,2,3.99,2.06,9.73,0,54.0
319,110,3,3.5,3.5,9.04,0,82.0
338,111,4,2.39,5.0,8.78,1,95.0
282,102,2,3.32,3.8,9.13,0,84.81
314,104,3,3.61,3.79,8.4,0,49.51
306,101,3,1.52,0.33,7.54,0,46.02
324,92,5,3.0,0.73,9.25,1,92.0
330,116,4,2.8,4.5,9.45,1,91.0
338,100,4,3.11,3.36,9.59,1,90.5
300,83,2,1.5,2.25,9.4,0,48.47
331,119,3,4.66,4.6,8.18,1,87.95
323,113,4,4.09,4.82,9.74,1,88.9
316,102,2,3.5,3.5,6.51,1,57.0
336,94,5,2.87,3.5,9.8,1,97.0
295,110,4,4.0,2.71,9.13,1,86.0
322,112,4,2.29,4.5,9.26,1,91.0
301,100,2,3.42,0.33,7.8,0,44.02
307,105,4,3.0,3.0,7.94,0,62.0
293,115,2,2.0,0.47,7.8,1,64.0
312,101,3,2.0,1.3,8.02,1,50.0
321,109,4,4.0,4.0,8.68,1,69.0
302,82,3,2.32,4.0,8.33,0,65.0
264,93,2,2.5,2.05,9.23,1,52.0
296,102,3,2.24,4.0,8.02,1,66.0
298,92,1,2.09,2.0,7.88,0,51.0
297,109,1,2.0,2.5,7.95,0,58.0
316,78,2,4.12,2.5,8.2,1,49.0
313,76,3,2.0,2.96,8.27,0,64.0
299,96,2,3.0,2.67,7.77,1,66.0
321,110,3,3.5,5.0,8.98,1,82.0
324,114,5,5.0,3.57,9.08,1,89.0
326,120,4,4.0,3.5,9.16,1,86.0
290,113,3,4.0,4.67,8.8,0,63.0
259,119,5,4.29,0.68,9.48,1,94.0
262,98,2,3.53,3.74,7.05,0,42.75
302,98,3,1.32,2.72,6.19,0,43.0
261,107,3,3.0,3.5,8.27,1,74.0
312,100,2,2.0,2.76,7.77,0,49.27
316,98,1,1.5,2.54,7.43,0,49.0
335,117,5,2.46,5.0,9.82,1,96.0
332,118,2,2.12,3.5,9.36,1,90.0
316,102,3,3.45,3.69,8.07,0,50.5
333,105,4,4.63,4.5,9.34,1,93.48
317,106,1,1.5,3.5,7.65,1,61.0
340,120,5,4.5,4.5,9.6,1,94.0
326,112,3,3.5,3.0,9.1,1,84.0
277,106,2,3.5,3.0,8.26,1,79.0
314,108,1,3.49,2.0,7.45,0,48.02
340,115,5,4.5,3.49,9.91,1,97.0
318,106,3,4.26,3.0,6.24,0,71.0
304,81,2,3.23,2.38,7.64,0,46.03
312,106,1,3.94,1.96,8.42,0,52.5
340,115,5,2.76,4.17,8.28,1,95.0
299,100,2,3.0,3.5,7.88,0,68.0
300,111,4,4.07,3.57,9.13,1,86.43
309,70,4,4.33,4.5,9.04,0,84.0
304,104,2,3.5,1.13,8.22,0,63.0
305,102,2,2.0,2.5,8.18,0,62.0
300,83,3,3.5,3.0,8.16,0,71.0
340,113,4,4.88,1.66,9.74,1,96.0
284,69,4,3.41,4.5,8.86,1,82.0
294,95,1,1.5,1.5,7.64,0,49.0
311,73,3,4.99,4.5,8.43,0,70.0
326,111,4,3.32,2.76,9.88,1,86.43
258,93,2,1.5,0.55,7.5,1,44.0
310,107,3,3.5,3.5,8.67,0,76.0
313,94,2,2.5,1.5,8.13,0,56.0
303,99,3,1.82,2.5,7.66,0,36.0
258,103,2,1.19,2.09,8.29,0,44.52
304,99,2,0.13,2.78,7.85,0,42.17
324,111,3,2.5,1.5,8.79,1,70.0
306,119,3,1.36,3.0,8.21,0,64.0
336,118,5,4.66,3.12,9.19,1,92.0
322,117,3,1.62,4.0,8.62,1,76.0
311,113,5,4.0,5.0,9.25,1,92.0
309,99,3,4.0,3.02,8.56,0,76.0
282,115,5,2.25,0.05,9.44,1,92.0
316,106,2,0.38,2.56,8.45,0,47.03
310,104,3,2.0,4.87,8.37,0,70.0
322,110,3,3.42,3.88,8.47,1,78.0
324,106,3,3.5,3.79,8.44,0,48.53
322,110,5,0.4,4.0,8.97,0,78.0
335,79,4,4.5,0.36,9.68,1,93.0
297,118,4,2.71,4.5,9.61,1,91.0
321,111,5,5.0,1.33,9.01,1,93.0
312,103,2,2.0,2.5,7.63,0,38.5
327,111,4,4.0,4.5,9.0,1,84.0
299,114,2,0.59,2.26,6.1,0,46.52
275,104,3,3.5,2.0,8.2,1,61.0
315,101,3,3.74,3.5,8.42,0,72.0
298,94,1,2.32,1.04,7.34,0,44.51
324,103,3,3.54,3.5,9.05,1,82.99
305,118,2,2.8,2.9,7.93,0,44.9
280,115,3,3.5,3.0,9.81,0,45.0
303,100,3,2.36,2.76,7.48,0,47.08
304,85,2,3.0,3.5,7.5,0,66.0
329,111,4,4.5,3.56,9.18,1,87.0
301,104,3,3.5,4.0,7.67,1,68.0
269,70,5,4.0,5.0,8.98,1,87.0
300,116,3,3.5,2.5,7.88,0,59.0
322,107,4,4.0,3.68,9.45,1,86.0
308,108,3,3.5,3.5,8.22,0,61.0
319,97,4,0.41,4.5,8.66,1,77.0
303,106,1,1.12,1.24,7.36,0,45.98
306,105,1,3.98,2.75,7.7,0,50.02
270,108,4,5.0,4.5,9.24,1,90.0
290,120,1,1.5,2.0,7.56,0,47.0
334,107,5,2.29,4.5,9.7,1,95.0
307,117,4,4.5,3.5,9.52,1,85.0
291,98,2,2.06,3.98,7.59,0,43.62
287,98,2,3.0,3.0,8.0,0,48.0
310,105,2,2.5,0.83,8.24,0,72.0
302,100,3,2.27,3.9,7.47,0,47.06
300,100,3,3.0,3.5,8.26,0,62.0
267,89,2,3.5,3.0,8.41,1,72.0
297,92,1,3.03,1.98,9.31,0,50.03
298,117,1,4.97,2.0,7.88,0,51.0
322,112,4,3.64,4.75,9.06,1,86.71
297,69,1,1.17,1.33,7.34,0,44.52
307,105,2,0.94,3.5,8.23,0,53.0
294,93,1,1.92,2.0,7.41,0,45.0
315,93,3,3.5,4.5,9.13,0,79.0
309,99,3,4.0,1.22,8.56,0,76.0
323,70,2,0.62,3.71,8.36,1,50.5
304,102,2,3.0,4.0,8.73,0,67.0
304,118,4,1.5,2.5,7.84,0,42.0
314,73,2,0.07,2.5,8.24,0,64.0
311,99,2,2.5,3.0,7.98,0,65.0
274,106,1,1.19,1.19,7.45,0,45.58
326,114,4,4.0,3.7,9.16,1,86.0
326,94,3,3.5,3.0,9.05,1,74.0
293,109,3,3.0,3.0,8.54,1,79.0
310,74,2,2.9,2.87,8.05,1,47.5
316,103,2,2.0,4.51,8.74,0,69.0
297,97,1,4.5,1.78,7.49,0,45.01
331,74,4,4.92,0.45,9.44,1,88.16
299,120,1,4.13,1.0,7.92,0,42.0
317,107,3,3.5,3.0,8.68,1,84.0
281,99,3,3.0,4.02,8.57,1,74.0
300,95,1,2.0,2.2,7.79,0,44.55
301,73,4,4.0,0.22,9.0,1,86.5
312,94,2,1.59,1.56,8.04,1,68.0
298,94,1,1.03,1.07,6.62,0,45.02
325,78,4,3.0,2.0,8.4,0,70.0
321,110,3,3.88,4.75,7.38,1,84.89
303,99,3,1.52,2.5,7.83,0,39.03
315,104,3,3.0,2.5,8.33,0,67.0
334,120,5,4.0,0.61,9.87,1,97.0
340,112,5,4.5,4.5,9.45,1,94.0
324,100,3,4.0,5.0,8.64,1,78.0
297,105,1,4.4,2.16,7.83,0,52.5
298,92,2,3.0,3.39,7.44,0,47.5
338,120,4,5.0,5.0,9.66,1,95.0
312,103,3,2.38,3.22,8.74,0,67.0
299,79,3,5.0,1.06,7.66,0,38.0
263,118,3,3.0,3.0,8.72,1,74.0
299,104,3,4.0,1.81,8.13,1,74.0
301,111,1,3.31,1.14,7.35,0,45.53
340,71,4,4.5,4.0,9.92,1,97.0
300,87,2,1.5,2.0,7.87,0,56.0
298,104,2,2.66,2.0,7.6,0,46.0
270,102,1,2.0,1.5,8.0,0,50.0
324,100,3,4.88,5.0,8.64,1,78.0
301,105,1,2.72,2.06,7.59,0,50.5
299,97,3,4.62,3.38,9.63,0,38.46
327,102,4,3.22,4.04,9.0,1,84.0
290,103,3,1.95,2.45,7.5,0,48.52
296,97,2,1.59,2.0,7.8,0,49.0
325,116,4,1.71,4.5,9.11,1,83.0
312,102,1,1.0,3.63,9.86,1,52.0
300,107,2,2.96,2.74,7.84,0,35.0
299,88,3,4.71,3.4,7.66,0,37.0
297,120,1,1.52,2.48,7.49,0,45.0
298,98,2,1.5,3.45,7.5,1,44.0
297,83,1,4.81,0.64,7.28,0,41.59
326,112,3,1.5,3.0,9.1,1,84.0
267,108,2,2.35,1.03,6.44,0,49.08
295,110,1,2.0,1.04,7.2,0,46.0
321,114,4,4.0,5.0,9.12,0,85.0
300,71,2,0.69,1.1,7.56,0,50.5
334,104,5,4.5,5.0,9.54,1,94.0
312,69,3,3.13,3.93,7.9,1,64.0
299,94,1,1.0,1.0,7.34,0,42.0
314,107,2,2.5,3.99,8.56,0,63.0
314,108,4,2.57,1.16,9.04,1,84.0
296,95,2,3.0,2.0,7.54,1,44.0
312,103,2,2.0,2.5,6.51,0,72.0
326,114,4,4.0,2.33,7.04,1,84.0
302,101,3,4.55,4.23,7.45,0,52.0
334,86,5,4.5,5.0,9.54,1,94.0
262,97,2,2.86,4.91,9.31,0,40.02
324,111,5,4.5,4.0,9.16,1,90.0
308,100,3,1.87,2.77,6.4,0,67.0
281,75,2,4.92,3.44,7.66,0,41.03
303,99,3,2.0,3.97,7.66,0,54.0
328,116,4,3.03,0.22,9.02,1,81.0
323,100,3,4.0,1.36,8.88,1,79.0
297,94,1,4.54,3.05,7.41,0,45.53
312,109,2,2.5,4.0,9.55,0,80.0
299,94,1,1.0,1.54,7.62,0,42.0
297,84,2,1.91,2.08,7.46,0,40.1
310,83,4,0.45,3.84,6.61,1,66.0
302,95,1,1.33,4.13,7.89,0,44.53
321,83,5,5.0,3.73,9.45,1,93.0
290,99,2,1.88,2.65,7.53,0,46.02
285,112,4,3.5,3.5,8.92,0,55.0
308,79,2,3.02,2.96,8.11,0,46.35
296,95,1,2.33,1.28,7.85,0,46.03
271,105,2,2.0,4.38,7.57,0,46.53
287,112,4,4.0,4.0,8.97,1,87.0
317,107,2,1.0,3.0,8.28,0,66.0
298,102,2,4.0,3.0,8.25,0,34.0
297,69,2,3.47,2.08,9.29,0,40.1
330,112,4,1.12,4.54,9.23,1,91.0
305,105,2,3.97,4.0,8.13,0,66.0
312,104,3,3.5,1.71,8.42,0,74.0
317,107,3,3.5,3.0,8.68,1,84.0
307,105,4,3.0,3.0,8.57,0,62.0
324,85,4,4.0,0.9,8.1,1,72.0
260,102,2,2.5,2.91,8.32,0,72.0
306,101,2,2.5,0.32,8.62,0,70.0
322,110,4,4.0,4.94,9.14,1,87.47
322,115,3,3.97,3.5,8.46,1,71.0
272,103,1,1.67,2.0,7.55,0,44.15
286,103,1,4.31,1.5,7.78,0,45.41
298,99,2,3.0,3.76,7.44,0,47.5
312,77,1,1.0,1.71,8.01,1,52.0
292,99,1,2.65,2.91,6.63,0,47.54
312,105,2,4.41,3.0,8.37,0,64.0
310,71,2,2.5,3.89,8.24,0,72.0
